date,wti,brent,dubai
2011-05-04,100.58,114.78,109.16
2011-05-05,100.18,115.02,108.65
2011-05-06,101.1,114.77,105.48
2011-05-09,99.35,112.52,105.49
2011-05-10,97.38,109.98,104.01
2011-05-11,99.46,111.69,106.21
2011-05-12,98.39,112.19,106.44
2011-05-13,99.95,112.51,105.44
2011-05-17,97.3,113.28,106.09
2011-05-18,99.52,113.56,107.74
2011-05-19,98.84,112.98,105.11
2011-05-20,98.57,114.32,110.92
2011-05-23,103.86,117.78,109.25
2011-05-24,102.62,114.81,105.7
2011-05-25,97.45,111.39,100.48
2011-05-26,99.13,112.75,114.4
2011-05-27,109.22,121.4,114.44
2011-05-30,111.04,123.19,117.9
2011-06-01,95.03,113.99,105.6
2011-06-02,101.85,119.61,111.18
2011-06-03,99.22,116.59,108.22
2011-06-06,98.86,115.12,108.15
2011-06-07,100.3,115.6,108.21
2011-06-08,100.43,115,107.83
2011-06-09,100.27,115.47,110.13
2011-06-10,95.18,111.98,106.75
2011-06-13,94.81,111.74,104.74
2011-06-14,92.77,107.97,102.95
2011-06-15,90.63,105.14,101.07
2011-06-16,91,104.99,101.54
2011-06-17,91.26,107.69,106.14
2011-06-20,93.28,111.53,106.87
2011-06-21,93.36,112.04,105.89
2011-06-22,93.01,113.36,105.43
2011-06-23,94.84,114.27,108.25
2011-06-24,94.88,117.85,111.8
2011-06-27,99.31,120.57,111.49
2011-06-28,97.26,120.01,111.41
2011-06-29,99.3,118.79,112.04
2011-06-30,100.77,118.1,109.41
2011-07-01,95.78,116.23,111.1
2011-07-04,97.33,117.68,112.28
2011-07-05,97.38,117.72,112.27
2011-07-06,99.58,118.17,112.31
2011-07-07,99.1,118.09,112.09
2011-07-08,99.71,118.89,112.34
2011-07-11,99.09,118.39,111.5
2011-07-12,98.17,118.51,112.1
2011-07-13,97.65,117.74,111.07
2011-07-14,95.98,116.75,110.89
2011-07-15,97.3,117.78,109.8
2011-07-18,95.72,117.96,110.82
2011-07-19,97.92,119.23,111.55
2011-07-20,97.18,117.75,109.01
2011-07-21,95.11,117.1,110.32
2011-07-22,96.23,118.04,111.89
2011-07-25,98.56,118.1,108.47
2011-07-26,96.64,113.68,106.52
2011-07-27,96.86,113.55,105.1
2011-07-29,94.77,110.58,105.57
2011-08-01,88.82,115.85,109.73
2011-08-04,85.37,111.81,105.98
2011-08-05,85.13,111.33,106.54
2011-08-08,85.09,111.15,104.73
2011-08-09,85.61,109.94,104.58
2011-08-10,84.34,108.63,101.96
2011-08-11,82.33,108.94,100.98
2011-08-12,82.02,107.66,105.04
2011-08-15,87.55,111.1,104.79
2011-08-16,86.61,109.88,103.42
2011-08-17,87.89,109.51,103.12
2011-08-18,85.38,108.06,102.28
2011-08-19,85.68,107.15,102.11
2011-08-22,82.48,105.32,100.03
2011-08-24,81.45,104.61,101.76
2011-08-25,86.88,108.1,101.05
2011-08-26,86.72,108.71,107.23
2011-08-29,91.77,113.4,109.59
2011-08-30,93.77,116.37,109.98
2011-08-31,95.1,116.45,113.21
2011-09-01,79.19,103.98,100.61
2011-09-02,82.16,105.67,101.68
2011-09-05,81.3,106.15,103.49
2011-09-06,84.37,108.23,102.61
2011-09-07,80.6,105.61,99.74
2011-09-08,79.93,106.45,103.18
2011-09-09,80.22,107.61,104.38
2011-09-12,85.75,113.09,107.11
2011-09-13,86.61,112.64,106.1
2011-09-14,85.71,111.19,107.83
2011-09-15,87.94,114.15,108.2
2011-09-16,89.33,116.38,105.4
2011-09-19,88.83,112.93,105.68
2011-09-20,90.1,113.06,106.32
2011-09-21,88.26,113.72,105.24
2011-09-22,87.28,113.88,109.15
2011-09-23,88.86,116.54,110.08
2011-09-26,89.29,116.85,108.73
2011-09-27,85.97,113.28,105.83
2011-09-29,86.53,114.18,108.93
2011-09-30,88.98,115.85,109.34
2011-10-03,93.08,108.76,105.8
2011-10-04,93.64,110.34,107.13
2011-10-05,93.96,111.93,106.97
2011-10-07,92.26,111.53,106.98
2011-10-10,91.36,111.66,107.08
2011-10-11,86.74,110.78,105.56
2011-10-12,85.69,109.45,105.38
2011-10-13,86.1,110.08,105.53
2011-10-14,88.57,110.72,105.22
2011-10-17,86.42,111.57,107.37
2011-10-18,87,114.34,105.25
2011-10-19,86.51,110.98,103.94
2011-10-20,85.74,111.86,104.71
2011-10-21,85.88,110.48,102.23
2011-10-24,85.32,109.23,101.31
2011-10-25,82.97,106.28,100.35
2011-10-26,82.42,104.68,98.67
2011-10-27,79.56,103.08,97.08
2011-10-28,75.51,101.27,96.76
2011-10-31,77.5,103.1,97.41
2011-11-01,100.06,110.76,108.26
2011-11-02,99.79,110.02,107.35
2011-11-03,97.43,109.16,107.18
2011-11-08,96.78,106.83,107.39
2011-11-09,97.71,108.38,106.67
2011-11-10,97.38,106.5,106.21
2011-11-11,97.55,107.65,107.65
2011-11-14,100.48,108.68,109.72
2011-11-15,102.37,112.1,110.59
2011-11-16,99.45,112.19,109.53
2011-11-17,98.19,112.38,110.7
2011-11-18,98.93,114.23,110.32
2011-11-21,97.8,113.56,108.48
2011-11-22,96.01,113.76,110.52
2011-11-23,96.83,115.41,111.26
2011-11-25,94.3,112.06,107
2011-11-28,94.12,110.87,104.31
2011-11-29,92.58,110.08,106.24
2011-11-30,91.85,108.11,103.65
2011-12-01,99.22,106.93,104.89
2011-12-02,99.64,107.33,104.61
2011-12-05,99.42,107.48,105.77
2011-12-07,99.61,108.15,105.48
2011-12-08,99.42,108.43,105.27
2011-12-09,98.63,108,104.71
2011-12-12,97.23,107.3,102.25
2011-12-13,93.82,104.34,100.96
2011-12-14,93.77,103.94,101.98
2011-12-15,93.75,105.06,102.99
2011-12-16,97.39,105.49,106.57
2011-12-19,100,109.17,105.51
2011-12-20,97.9,107.54,105.87
2011-12-21,99.44,108.14,105.62
2011-12-22,99.34,108.12,107.97
2011-12-23,100.42,109.72,108.86
2011-12-27,101.26,110.49,107.31
2011-12-28,100.93,110.54,108.8
2011-12-29,100.51,109.63,107.56
2011-12-30,100.27,108.95,107.39
2012-01-03,98.48,110.63,109.59
2012-01-04,98.9,110.5,109.75
2012-01-05,99.6,110.91,109.14
2012-01-06,99.75,110.08,108.78
2012-01-09,99.39,109.17,108.29
2012-01-12,98.43,109.06,109.5
2012-01-13,100.32,110.46,109.47
2012-01-16,100.67,110.07,109.61
2012-01-17,100.69,110.75,110.29
2012-01-19,98.91,110.14,109.84
2012-01-20,98.96,112.08,110.69
2012-01-23,100.88,112.14,110.95
2012-01-24,102.29,112.98,110.39
2012-01-25,101.33,111.7,110.5
2012-01-26,101.62,112.3,109.92
2012-01-27,102.53,113.26,110.23
2012-01-30,103.24,113.43,108.49
2012-01-31,103.08,111.69,105.91
2012-02-01,105.82,121.55,117.69
2012-02-02,98.84,116.95,113.85
2012-02-03,98.6,116.46,113.25
2012-02-06,97.1,115.97,111.7
2012-02-07,97.73,113.38,109.9
2012-02-08,96.52,111.78,109.67
2012-02-09,97.59,111.74,109.14
2012-02-10,107.08,122.68,120.02
2012-02-13,106.62,122.96,121.81
2012-02-14,108.55,124.7,122.56
2012-02-15,109.58,125.21,121.57
2012-02-16,107.68,123.94,120.22
2012-02-17,106.1,123.45,119.42
2012-02-21,103.37,119.93,117.45
2012-02-22,102.29,120.61,116.23
2012-02-23,101.79,119.92,116.43
2012-02-24,100.84,118.47,115.25
2012-02-27,100.85,118.7,115.91
2012-02-28,98.78,117.7,115.22
2012-02-29,99.85,118.63,114.53
2012-03-01,105.21,122.84,121.99
2012-03-02,107.37,126.74,123.62
2012-03-05,106.29,124.48,120.75
2012-03-06,104.78,123.32,121.65
2012-03-07,106.83,125.19,121.09
2012-03-08,107.42,125.02,122.25
2012-03-09,109.36,126.28,119.64
2012-03-12,103.1,123.15,120.38
2012-03-13,102.84,122.78,121.57
2012-03-14,105.41,124.3,122.07
2012-03-15,107.31,125.32,123.16
2012-03-16,107.15,125.81,122.91
2012-03-19,106.68,125.04,122.18
2012-03-20,107.03,123.94,123.09
2012-03-21,105.74,124.01,123.17
2012-03-22,108.12,125.76,123.94
2012-03-23,107.12,125.42,122.23
2012-03-26,105.17,123.67,123.64
2012-03-27,105.54,125.78,124.22
2012-03-28,106.81,126.93,124.21
2012-03-29,106.49,126.14,123.67
2012-03-30,106.78,126.79,123.29
2012-04-02,101.08,120.58,119.17
2012-04-03,103.26,123.21,120.74
2012-04-04,101.72,122.63,122
2012-04-05,104.08,125.24,121.97
2012-04-09,105.36,125.09,119.97
2012-04-10,104.88,119.04,116.38
2012-04-11,104.89,119.29,116.32
2012-04-12,104.58,119.58,115.82
2012-04-13,103.85,118.24,115.18
2012-04-16,103.34,117.81,114.41
2012-04-17,102.88,117.55,114.57
2012-04-18,103.39,118.26,115.45
2012-04-19,102.29,117.58,115.4
2012-04-20,102.67,116.55,115.58
2012-04-23,104.26,118,115.18
2012-04-24,103.07,118.3,116.23
2012-04-25,102.85,121.11,118.38
2012-04-26,103.65,121.06,117.56
2012-04-27,102.69,120.12,116.77
2012-05-01,97.71,108.91,105.13
2012-05-02,96.59,112.68,108.93
2012-05-03,98.53,112.49,109.24
2012-05-04,98.53,112.49,112.92
2012-05-07,102.54,115.99,115.55
2012-05-08,105.21,117.86,116.59
2012-05-09,106.11,119.29,116.32
2012-05-10,87.63,103.49,103.39
2012-05-11,90.78,107.02,105.01
2012-05-15,90.74,107.26,103.84
2012-05-16,90.51,106.96,102.24
2012-05-17,90.59,106.19,103.69
2012-05-18,91.48,109.18,105.5
2012-05-21,91.63,107.66,104.48
2012-05-22,92.5,118.35,107.16
2012-05-23,92.79,111.38,107.76
2012-05-24,93.65,111.73,108.63
2012-05-25,94.66,111.22,107.94
2012-05-28,96,112.43,108.41
2012-05-29,96.98,112.71,109.38
2012-05-30,97.15,112.49,108.97
2012-06-01,83.27,98.43,98.43
2012-06-06,85.05,100.91,97.14
2012-06-07,84.56,99.92,97.49
2012-06-08,84.28,98.39,96.51
2012-06-11,82.47,98.05,98.66
2012-06-12,83.31,96.72,95.41
2012-06-13,82.54,97.22,93.84
2012-06-14,84.11,96.81,95.59
2012-06-15,84,97.29,96.66
2012-06-18,83.12,95.72,96.47
2012-06-19,84.11,95.48,93.85
2012-06-20,81.32,93.1,94.27
2012-06-21,78.21,89.18,90.67
2012-06-22,79.68,90.15,89.15
2012-06-25,79.16,89.87,89.81
2012-06-26,79.39,91.66,91.01
2012-06-27,80.25,92.96,91.24
2012-06-28,77.89,91.39,91.77
2012-06-29,84.86,96.13,92.89
2012-07-02,83.68,96.48,93.72
2012-07-03,87.62,100.56,95.29
2012-07-05,87.07,101.24,97.96
2012-07-06,84.33,98.33,97.59
2012-07-09,85.87,100.2,96.76
2012-07-10,83.93,98.56,96.41
2012-07-11,85.93,99.69,96.44
2012-07-12,85.97,100.31,97.04
2012-07-13,87.17,102.38,97.68
2012-07-16,88.42,103.59,98.84
2012-07-17,89.1,104.02,100.86
2012-07-18,89.84,105.45,100.89
2012-07-19,92.53,107.79,102.71
2012-07-20,91.42,106.8,103.39
2012-07-23,88.03,103.61,99.62
2012-07-24,88.44,103.47,100.39
2012-07-25,88.86,103.41,100.28
2012-07-26,89.45,105.1,100.49
2012-07-27,90.18,106.27,102.06
2012-07-30,89.75,106.31,102.38
2012-07-31,87.82,105.35,101.9
2012-08-01,88.86,106.37,101.04
2012-08-02,87.14,106.76,101.73
2012-08-03,91.36,109.33,102.45
2012-08-06,92.2,109.76,104.54
2012-08-07,93.53,112.3,106.01
2012-08-08,93.31,112.97,106.87
2012-08-10,92.98,112.94,108.22
2012-08-13,92.82,113.8,108.63
2012-08-14,93.41,113.9,109.32
2012-08-15,94.28,115.76,109.29
2012-08-16,95.45,116.43,111.23
2012-08-17,96.03,114.45,111.03
2012-08-20,95.97,114.47,108.1
2012-08-21,96.62,115.36,111.61
2012-08-22,97.26,114.91,108.69
2012-08-23,95.99,116.26,113.21
2012-08-24,95.86,114.76,111.54
2012-08-28,96.37,112.59,110.02
2012-08-29,95.47,112.55,109.49
2012-08-30,94.69,112.72,110.24
2012-09-03,96.44,115.61,111.79
2012-09-04,95.42,114.42,113.29
2012-09-05,95.41,113.13,111.64
2012-09-06,95.24,113.91,112.09
2012-09-07,96.35,113.97,111.84
2012-09-10,96.53,114.48,112.89
2012-09-11,97.08,115.07,113.11
2012-09-12,96.91,115.69,113.93
2012-09-13,98.18,116.41,113.69
2012-09-14,98.98,116.89,115.41
2012-09-17,96.54,115.2,114.76
2012-09-18,95.31,112.58,111.76
2012-09-19,91.89,108.29,110.79
2012-09-20,92.2,109.5,105.64
2012-09-21,92.77,111.29,108.18
2012-09-24,91.83,109.4,108.17
2012-09-25,91.07,110.46,108.61
2012-09-26,89.9,109.43,107.64
2012-09-27,91.97,111.64,108.09
2012-09-28,92.1,111.69,110.56
2012-10-01,92.52,112.29,109.35
2012-10-02,91.84,111.98,109.59
2012-10-03,88,108.74,108.28
2012-10-04,91.64,111.66,106.33
2012-10-05,89.86,112.13,109.1
2012-10-08,89.54,112.21,107.73
2012-10-09,92.34,114.51,108.98
2012-10-10,91.31,115.13,110.57
2012-10-11,92.22,115.85,111.16
2012-10-12,92.22,115.85,111.16
2012-10-15,91.88,115.31,110.78
2012-10-16,92.06,114.94,111.61
2012-10-17,92.02,113.4,112.03
2012-10-18,92.08,112.3,111.4
2012-10-19,90.07,110.86,110.21
2012-10-22,88.67,109.51,108.18
2012-10-23,86.48,107.79,107.11
2012-10-24,85.48,107.66,106.6
2012-10-25,85.85,107.98,106.76
2012-10-26,86.15,109.18,106.76
2012-10-29,85.48,109.41,106.42
2012-10-30,85.6,109.18,106.85
2012-11-01,86.99,108.6,106.81
2012-11-02,84.85,106.22,106.03
2012-11-05,85.76,106.94,103.41
2012-11-06,88.52,110.25,105.13
2012-11-07,84.5,107.63,108.29
2012-11-08,85.09,107.28,104.75
2012-11-09,86.05,109.05,104.81
2012-11-12,85.63,109.73,106.43
2012-11-13,85.35,108.06,106.43
2012-11-14,86.29,109.08,105.89
2012-11-15,85.34,110.03,107.32
2012-11-16,86.63,108.54,107.23
2012-11-19,89.12,111.51,108.41
2012-11-20,86.7,109.89,109.51
2012-11-21,87.08,110.57,108.54
2012-11-22,87.08,110.29,108.74
2012-11-23,87.08,110.93,108.73
2012-11-26,87.81,110.46,109.41
2012-11-27,87.24,109.62,109.06
2012-11-28,86.55,108.92,108.22
2012-11-29,87.97,110.55,107.24
2012-11-30,88.88,110.9,108.98
2012-12-03,89.12,111.18,108.44
2012-12-04,88.5,109.98,107.89
2012-12-05,87.88,109.08,107.47
2012-12-06,86.26,107.19,106.06
2012-12-07,85.9,107.08,104.68
2012-12-10,85.63,107.83,104.59
2012-12-11,85.79,107.81,104.24
2012-12-12,85.79,109.64,104.85
2012-12-13,85.97,108.7,105.66
2012-12-14,86.75,109.12,105.1
2012-12-17,87.32,108.7,105.86
2012-12-18,87.97,109.53,105.78
2012-12-19,89.49,110.72,106.31
2012-12-20,89.86,110.33,106.58
2012-12-21,88.46,108.93,106.78
2012-12-24,88.5,108.5,106.06
2012-12-26,91.01,108.5,106.8
2012-12-27,90.98,110.35,108.08
2012-12-28,90.89,110.14,107.99
2012-12-31,91.75,110.6,107.81
2013-01-02,92.99,112.93,107.61
2013-01-03,92.83,112.97,107.72
2013-01-04,93.05,112.07,107.46
2013-01-07,93.27,112.04,106.66
2013-01-08,93.2,112.48,107.29
2013-01-09,93.12,112.31,108
2013-01-10,93.82,112.56,108.09
2013-01-11,93.61,110.46,107.81
2013-01-14,94.23,111.62,106.93
2013-01-15,93.35,111,107.44
2013-01-16,94.24,110.69,106.59
2013-01-17,95.42,111.11,106.47
2013-01-18,95.48,111.85,107.14
2013-01-21,95.48,112.21,107.95
2013-01-22,96.2,112.72,107.86
2013-01-23,95.05,113.26,108.09
2013-01-24,95.54,113.86,108.28
2013-01-25,95.69,113.54,109.13
2013-01-28,96.51,113.63,108.86
2013-01-29,97.47,114.73,108.68
2013-01-30,97.94,115.08,109.62
2013-01-31,97.45,115.63,110.8
2013-02-01,97.68,116.8,110.46
2013-02-04,96.27,116.08,111.67
2013-02-05,96.65,116.77,110.58
2013-02-06,96.65,116.77,111.6
2013-02-07,95.78,117.26,112.36
2013-02-08,95.73,118.94,112.64
2013-02-13,97.02,118.58,113.62
2013-02-14,97.33,118.15,113.28
2013-02-15,95.88,117.55,113.1
2013-02-19,96.6,117.38,111.99
2013-02-20,94.48,115.86,112.25
2013-02-21,92.78,113.97,109.79
2013-02-22,93.06,113.9,109.53
2013-02-25,93,114.69,109.83
2013-02-26,92.59,112.92,108.8
2013-02-27,92.76,111.87,108.42
2013-02-28,91.93,111.7,106.76
2013-03-01,90.79,110.29,105.63
2013-03-04,90.12,110.09,104.81
2013-03-05,90.82,111.61,105.66
2013-03-06,90.43,111.06,106.84
2013-03-07,91.56,111.15,106.21
2013-03-08,91.87,109.89,106.56
2013-03-11,92.02,109.59,106.44
2013-03-12,92.54,109.65,105.49
2013-03-13,92.38,107.97,105.48
2013-03-14,92.99,108.68,104.57
2013-03-15,93.46,109.55,105.07
2013-03-18,93.81,109.06,105.04
2013-03-19,92.2,107.53,105.86
2013-03-20,93.04,107.9,104.78
2013-03-20,93.04,107.9,104.78
2013-03-21,92.26,107.08,105.09
2013-03-22,93.53,106.93,104.13
2013-03-25,94.63,107.24,105.06
2013-03-26,96.32,108.14,105.15
2013-03-27,96.53,108.85,106.23
2013-03-28,97.13,108.69,107.07
2013-04-01,97.09,109.29,107.21
2013-04-02,97.08,110.1,108.41
2013-04-03,94.44,107.45,107.96
2013-04-04,93.21,105.74,105.14
2013-04-05,92.76,104.02,104.19
2013-04-08,93.37,103.88,103.13
2013-04-09,94.2,105.1,103.06
2013-04-10,94.54,105.21,103.73
2013-04-11,93.38,104.59,103.04
2013-04-12,91.22,101.9,101.64
2013-04-15,88.58,99.83,99.28
2013-04-16,88.66,98.9,97.81
2013-04-17,86.74,97.25,98.1
2013-04-18,88.01,98.59,96.71
2013-04-19,87.95,99.17,98.09
2013-04-22,88.94,99.99,98.31
2013-04-23,89.09,99.7,98.16
2013-04-24,91.29,101.13,99.59
2013-04-25,93.26,102.47,100.18
2013-04-26,92.92,102.77,101.07
2013-04-29,94.38,103.32,101.11
2013-04-30,93.36,101.92,101.28
2013-05-02,93.95,101.56,97.87
2013-05-03,95.53,104.43,99.82
2013-05-07,95.64,104.95,102.13
2013-05-08,96.55,104,101.69
2013-05-09,96.11,103.96,101.25
2013-05-10,95.98,102.57,101.43
2013-05-13,95.09,102.52,100.3
2013-05-14,94.17,102.63,100
2013-05-15,94.26,102.67,99.24
2013-05-16,95.09,104.07,100.08
2013-05-17,96,104.35,100.86
2013-05-20,96.76,104.7,101.56
2013-05-21,96.03,103.47,101.41
2013-05-22,94.08,102.42,100.39
2013-05-23,94.12,101.48,98.68
2013-05-28,95.03,104.07,100.38
2013-05-29,93.07,102.4,100.64
2013-05-30,93.63,101.99,99.14
2013-05-31,91.89,100.38,98.8
2013-06-03,93.46,101.89,97.64
2013-06-04,93.35,102.73,98.81
2013-06-05,93.74,103.34,100.14
2013-06-06,94.84,103.44,100.02
2013-06-07,96.09,104.28,100.4
2013-06-10,95.85,103.69,100.6
2013-06-11,95.4,102.24,100.27
2013-06-12,95.87,103.31,99.92
2013-06-13,96.66,103.8,99.94
2013-06-14,97.82,105.74,102.14
2013-06-17,97.85,105.64,103.28
2013-06-18,98.44,105.56,102.14
2013-06-19,98,105.81,103.09
2013-06-20,95.05,102.42,101.27
2013-06-21,93.83,100.6,99.79
2013-06-24,95.16,100.51,97.34
2013-06-25,95.24,101.42,98.83
2013-06-26,95.54,101.07,98.62
2013-06-27,96.99,102.87,98.82
2013-06-28,96.52,102.29,100.38
2013-07-01,98.02,103.2,99.22
2013-07-02,99.56,104.01,99.67
2013-07-03,101.21,105.97,101.25
2013-07-05,103.15,107.5,101.95
2013-07-08,103.13,107.78,103.14
2013-07-09,103.67,107.87,103.3
2013-07-10,106.33,108.48,103.74
2013-07-11,104.79,107.98,104.11
2013-07-12,106.03,108.88,103.47
2013-07-15,106.38,109.33,104.15
2013-07-16,105.96,109.43,104.33
2013-07-17,106.46,109.18,103.89
2013-07-18,107.97,109.18,104.94
2013-07-19,108.18,108.77,105.39
2013-07-22,106.77,108.69,105.34
2013-07-23,107.24,108.91,104.83
2013-07-24,105.25,107.74,104.94
2013-07-25,105.55,107.98,104.51
2013-07-26,104.69,107.51,104.52
2013-07-29,104.6,107.98,104.38
2013-07-30,103.1,107.28,104.68
2013-07-31,105.07,107.75,104.29
2013-08-01,107.85,109.84,104.89
2013-08-02,106.85,109.33,105.86
2013-08-05,106.57,109.41,105.28
2013-08-06,105.37,108.54,104.46
2013-08-07,104.33,107.94,103.79
2013-08-08,103.46,107.08,103.79
2013-08-09,106.02,108.37,103.79
2013-08-12,106.21,109.13,103.95
2013-08-13,106.74,110.24,105.71
2013-08-14,106.85,110.42,105.46
2013-08-15,107.27,111.47,106.99
2013-08-16,107.45,111.23,106.67
2013-08-19,107.07,110.74,107.4
2013-08-20,105.06,110.61,106.38
2013-08-21,103.91,110.24,106.72
2013-08-22,105.08,110.21,107.61
2013-08-23,106.46,111.24,107.76
2013-08-26,106.02,111.24,108.18
2013-08-27,109.01,114.77,107.76
2013-08-28,109.98,116.33,111.65
2013-08-29,108.77,115.91,112.99
2013-08-30,107.7,114.67,111.78
2013-09-02,107.7,114.52,109.1
2013-09-03,108.53,115.63,109.81
2013-09-04,107.14,115.31,110.52
2013-09-05,108.36,115.4,110.14
2013-09-06,110.49,116.6,110.31
2013-09-09,109.38,114.63,110.76
2013-09-10,107.33,111.7,109.18
2013-09-11,107.58,111.97,108.62
2013-09-12,108.58,112.82,109.19
2013-09-13,108.2,112.89,109.51
2013-09-16,106.52,110.97,109.26
2013-09-17,105.36,109.15,107.91
2013-09-18,108.12,110.28,106.69
2013-09-19,106.26,109.8,108.8
2013-09-20,104.72,109.65,107.48
2013-09-23,103.68,108.46,105.74
2013-09-24,103.28,108.22,104.71
2013-09-25,102.77,108.96,105.36
2013-09-26,102.99,109.03,104.85
2013-09-27,102.82,108.92,105.11
2013-09-30,102.42,108.28,103.58
2013-10-01,101.94,107.7,103.41
2013-10-02,104.06,109.16,103.54
2013-10-03,103.15,109.18,104.85
2013-10-04,103.75,109.46,104.99
2013-10-07,103.09,109.85,104.3
2013-10-08,103.5,110.45,105.56
2013-10-09,101.47,109.06,105.82
2013-10-10,102.94,111.65,105.88
2013-10-11,101.93,110.95,107.08
2013-10-14,102.37,110.63,107.56
2013-10-15,101.14,110.07,107.56
2013-10-16,102.25,110.78,106.49
2013-10-17,100.67,109.29,106.74
2013-10-18,100.74,109.71,105.82
2013-10-21,99.25,109.62,105.3
2013-10-22,97.83,109.54,106.59
2013-10-23,96.57,107.77,106.15
2013-10-24,96.84,106.81,105.18
2013-10-25,97.71,106.36,104.47
2013-10-28,98.76,108.81,104.76
2013-10-29,98.21,108.54,105.93
2013-10-30,96.72,109.13,105.78
2013-10-31,96.31,108.14,106.5
2013-11-01,94.48,106.67,105.85
2013-11-04,94.62,105.68,103.99
2013-11-05,93.38,105.25,104.91
2013-11-06,94.79,105.36,104.62
2013-11-07,94.28,103.31,102.46
2013-11-08,94.51,104.67,102.43
2013-11-11,95.2,106.06,103.03
2013-11-12,93.02,106.02,103.46
2013-11-13,93.78,107,103.14
2013-11-14,93.78,108.4,104.47
2013-11-15,93.71,108.34,105.06
2013-11-18,93.06,108.61,106.09
2013-11-19,93.35,107.59,106.06
2013-11-20,93.62,108.2,105.14
2013-11-21,95.12,109.96,105.77
2013-11-22,94.67,111.22,107.44
2013-11-25,94.1,111.1,106.77
2013-11-26,93.76,111.5,108.56
2013-11-27,92.19,111.3,108.67
2013-11-28,92.19,111.05,108.78
2013-11-29,92.19,110.26,108.68
2013-12-02,93.92,111.59,107.34
2013-12-03,96.04,112.9,108.26
2013-12-04,97.12,112.62,108.95
2013-12-05,97.45,111.57,108.34
2013-12-06,97.63,111.67,108.17
2013-12-09,97.47,109.73,107.93
2013-12-10,98.47,109.17,106.53
2013-12-11,97.42,109.55,106.42
2013-12-12,97.46,108.82,106.94
2013-12-13,96.55,108.48,105.71
2013-12-16,97.5,110.44,106.13
2013-12-17,97.13,108.69,105.93
2013-12-18,97.79,109.75,105.65
2013-12-19,98.62,110.66,106.34
2013-12-20,99.06,111.98,107.09
2013-12-23,98.74,111.67,108.48
2013-12-24,99.02,111.66,108.47
2013-12-26,99.57,111.66,108.5
2013-12-27,100.24,112.29,108.86
2013-12-30,99.33,110.9,108.77
2013-12-31,98.55,110.55,107.88
2014-01-02,95.49,107.89,107.79
2014-01-02,95.49,107.89,107.79
2014-01-03,94.06,106.72,105.22
2014-01-06,93.63,106.71,104.29
2014-01-07,93.74,107.15,104.11
2014-01-08,92.39,107.24,104.14
2014-01-09,91.95,106.85,104.06
2014-01-10,92.73,106.88,103.99
2014-01-13,91.72,107.61,103.51
2014-01-14,92.54,106.9,103.21
2014-01-15,94.26,107.68,102.61
2014-01-16,93.98,107.32,103.01
2014-01-17,94.26,107.48,102.81
2014-01-20,94.26,107.55,103.28
2014-01-21,95.04,108.23,103.73
2014-01-22,96.76,109.23,103.94
2014-01-23,97.39,108.83,104.63
2014-01-24,96.73,108.62,104.13
2014-01-27,95.85,107.75,104.29
2014-01-28,97.38,108.01,103.82
2014-01-29,97.3,108.37,103.78
2014-01-30,98.15,108.8,103.77
2014-01-31,97.45,107.27,103.77
2014-02-03,96.59,106.49,102.26
2014-02-04,97.33,106.54,101.98
2014-02-05,97.39,106.63,102.19
2014-02-06,97.83,107.63,102.58
2014-02-07,99.92,109.38,103.35
2014-02-10,100.16,109.49,105.13
2014-02-11,99.94,109.05,104.98
2014-02-12,100.33,108.84,105.19
2014-02-13,100.3,108.79,104.81
2014-02-14,100.31,108.81,105.08
2014-02-17,100.31,109.14,106.25
2014-02-18,102.55,110.22,106.73
2014-02-19,103.51,110.29,106.84
2014-02-20,102.99,109.83,106.52
2014-02-21,102.3,110.09,106.57
2014-02-24,102.97,110.19,106.26
2014-02-25,102.11,109.31,106.34
2014-02-26,102.62,109.45,105.65
2014-02-27,102.34,108.73,105.55
2014-02-28,102.56,108.93,105.39
2014-03-03,104.91,111.31,107.25
2014-03-04,103.29,109.25,106.06
2014-03-05,101.39,108.12,105.34
2014-03-06,101.67,108.08,103.94
2014-03-07,102.59,109.08,104.31
2014-03-10,101.18,108.29,104.26
2014-03-11,99.89,108.53,104.21
2014-03-12,98.08,107.98,103.79
2014-03-13,98.23,107.24,104.14
2014-03-14,98.99,108.34,103.96
2014-03-17,98.11,106.75,104.66
2014-03-18,99.7,106.83,103.46
2014-03-19,100.31,105.94,103.4
2014-03-20,99.32,106.07,103.47
2014-03-21,99.66,107.08,104.2
2014-03-24,99.79,106.79,103.66
2014-03-25,99.37,107.01,104.01
2014-03-27,101.28,107.2,104.04
2014-03-28,101.47,107.36,104.58
2014-03-31,101.58,106.95,104.44
2014-04-01,99.74,105.62,104.11
2014-04-02,99.62,104.79,102.44
2014-04-03,100.29,105.49,101.29
2014-04-04,101.14,106.72,103.04
2014-04-07,100.44,105.82,102.36
2014-04-08,102.56,107.67,103.16
2014-04-09,103.6,107.98,104.09
2014-04-10,103.4,107.46,104.56
2014-04-11,103.74,107.33,104.13
2014-04-14,104.05,109.07,105.16
2014-04-15,103.75,108.74,105.36
2014-04-16,103.76,109.6,106.4
2014-04-17,104.3,109.53,105.84
2014-04-21,104.37,109.95,105.76
2014-04-22,102.13,109.27,106.31
2014-04-23,101.44,109.11,105.87
2014-04-24,101.94,110.33,105.74
2014-04-25,100.6,109.58,106.38
2014-04-28,100.84,108.12,106.02
2014-04-29,101.28,108.98,104.78
2014-04-30,99.75,108.26,104.49
2014-05-01,99.74,108.07,104.49
2014-05-02,99.76,108.59,104.39
2014-05-05,99.48,107.72,104.75
2014-05-06,99.5,107.06,103.91
2014-05-07,100.77,108.13,103.59
2014-05-08,100.26,108.04,104.09
2014-05-09,99.99,107.89,104.99
2014-05-12,100.59,108.41,104.46
2014-05-13,101.7,109.24,104.46
2014-05-14,102.37,110.19,105.67
2014-05-15,101.5,110.44,105.78
2014-05-16,102.02,109.75,105.07
2014-05-19,102.61,109.37,106.56
2014-05-20,102.44,109.69,106.12
2014-05-21,104.07,110.55,106.59
2014-05-22,103.74,110.36,106.94
2014-05-23,104.35,110.54,106.84
2014-05-26,104.35,110.32,106.66
2014-05-27,104.11,110.02,106.81
2014-05-28,102.72,109.81,106.59
2014-05-29,103.58,109.97,106.33
2014-05-30,102.71,109.41,106.28
2014-06-02,102.47,108.83,105.6
2014-06-03,102.66,108.82,104.85
2014-06-04,102.64,108.4,105.31
2014-06-05,102.48,108.79,104.28
2014-06-06,102.66,108.61,105.31
2014-06-09,104.41,109.99,105.14
2014-06-10,104.35,109.52,105.16
2014-06-11,104.4,109.95,105.37
2014-06-12,106.53,113.02,106.96
2014-06-13,106.91,113.41,109.51
2014-06-16,106.9,112.94,109.27
2014-06-17,106.36,113.45,108.76
2014-06-18,105.97,114.26,109.94
2014-06-19,106.43,115.06,110.46
2014-06-20,107.26,114.81,110.74
2014-06-23,106.17,114.12,111.23
2014-06-24,106.03,114.46,109.76
2014-06-25,106.5,114,110.05
2014-06-26,105.84,113.21,109.89
2014-06-27,105.74,113.3,109.68
2014-06-30,105.37,112.36,109.29
2014-07-01,105.34,112.29,109.18
2014-07-02,104.48,111.24,109.16
2014-07-03,104.06,111,107.72
2014-07-04,104.06,110.64,107.95
2014-07-07,103.53,110.24,107.15
2014-07-09,102.29,108.28,106.11
2014-07-10,102.93,108.67,105.67
2014-07-11,100.83,106.66,106.03
2014-07-14,100.91,106.98,104.76
2014-07-15,99.96,106.02,104.49
2014-07-16,101.2,107.17,105.06
2014-07-17,103.19,107.89,104.96
2014-07-18,103.13,107.24,105.71
2014-07-21,104.59,107.68,105.17
2014-07-22,104.42,107.33,105.53
2014-07-23,103.12,108.03,105.33
2014-07-24,102.07,107.07,105.79
2014-07-25,102.09,108.39,105.15
2014-07-28,101.67,107.57,105.15
2014-07-29,100.97,107.72,105.84
2014-07-30,100.27,106.51,105.98
2014-07-31,98.17,106.02,105.23
2014-08-01,97.88,104.84,104.92
2014-08-04,98.29,105.41,103.15
2014-08-05,97.38,104.61,103.81
2014-08-06,96.92,104.59,102.87
2014-08-07,97.34,105.44,103
2014-08-08,97.65,105.02,103.85
2014-08-11,98.08,104.68,103.48
2014-08-12,97.37,103.02,103.25
2014-08-13,97.59,104.28,101.98
2014-08-14,95.58,102.01,103.02
2014-08-15,97.35,103.53,100.96
2014-08-18,96.41,101.6,102.12
2014-08-19,94.48,101.56,100.64
2014-08-20,96.07,102.28,100.45
2014-08-21,93.96,102.63,100.3
2014-08-22,93.65,102.29,100.52
2014-08-25,93.35,102.65,100.24
2014-08-26,93.86,102.5,100.49
2014-08-27,93.88,102.72,100.51
2014-08-28,94.55,102.46,100.68
2014-08-29,95.96,102.79,100.94
2014-09-01,95.96,102.79,100.94
2014-09-02,92.88,100.34,100.39
2014-09-03,95.54,102.77,97.74
2014-09-04,94.45,101.83,100.05
2014-09-05,93.29,100.82,99.03
2014-09-08,92.66,100.2,98.07
2014-09-09,92.75,99.16,97.56
2014-09-10,91.67,98.04,96.77
2014-09-11,92.83,98.08,95.81
2014-09-12,92.27,97.11,95.89
2014-09-15,92.92,97.88,95.19
2014-09-16,94.88,99.05,94.94
2014-09-17,94.42,98.97,96.46
2014-09-18,93.07,97.7,96.37
2014-09-19,92.41,98.39,95.42
2014-09-22,90.87,96.97,95.92
2014-09-23,91.56,96.85,94.92
2014-09-24,92.8,96.95,94.84
2014-09-25,92.53,97,94.92
2014-09-26,93.54,97,94.91
2014-09-29,94.57,97.2,94.9
2014-09-30,91.16,94.67,95.01
2014-10-01,90.73,94.16,93.52
2014-10-02,91.01,93.42,91.86
2014-10-03,89.74,92.31,91.12
2014-10-06,90.34,92.79,90.14
2014-10-07,88.85,92.11,90.88
2014-10-08,87.31,91.38,89.93
2014-10-09,85.77,90.05,89.23
2014-10-10,85.82,90.21,88.04
2014-10-13,85.74,88.89,88.25
2014-10-14,81.84,85.04,87.34
2014-10-15,81.78,83.78,84.23
2014-10-16,82.7,84.47,83.07
2014-10-17,82.75,86.16,83.85
2014-10-20,82.71,85.4,84.89
2014-10-21,82.81,86.22,84.33
2014-10-22,80.52,84.71,84.33
2014-10-23,82.09,86.83,83.25
2014-10-24,81.01,86.13,84.63
2014-10-27,81,85.83,84.19
2014-10-28,81.42,86.03,83.98
2014-10-29,82.2,87.12,84.14
2014-10-30,81.12,86.24,84.82
2014-10-31,80.54,85.86,84.27
2014-11-03,78.78,84.78,84.04
2014-11-04,77.19,82.82,81.65
2014-11-05,78.68,82.95,79.77
2014-11-06,77.91,82.86,79.8
2014-11-07,78.65,83.39,79.67
2014-11-10,77.4,82.34,80.08
2014-11-11,77.94,81.67,79.16
2014-11-12,77.18,80.38,78.55
2014-11-13,74.21,77.92,77.56
2014-11-14,75.82,79.41,74.01
2014-11-17,75.64,79.31,75.14
2014-11-18,74.61,78.47,75.08
2014-11-19,74.58,78.1,74.46
2014-11-20,75.58,78.1,74.46
2014-11-21,76.51,80.36,75.9
2014-11-24,75.78,79.68,77.54
2014-11-25,74.09,78.33,77.11
2014-11-26,73.69,77.75,75.71
2014-11-27,73.69,72.58,73.33
2014-11-28,66.15,70.15,69.09
2014-12-01,69,72.54,66.49
2014-12-02,66.88,70.54,69.02
2014-12-03,67.38,69.92,67.07
2014-12-04,66.81,69.64,66.95
2014-12-05,65.84,69.07,66.24
2014-12-08,63.05,66.19,65.62
2014-12-09,63.82,66.84,63.2
2014-12-10,60.94,64.24,63.76
2014-12-11,59.95,63.68,61.57
2014-12-12,57.81,61.85,60.51
2014-12-15,55.91,61.06,59.56
2014-12-16,55.93,60.01,56.5
2014-12-17,56.47,61.18,55.56
2014-12-18,54.11,59.27,56.42
2014-12-19,57.13,61.38,55.7
2014-12-22,55.26,60.11,58.09
2014-12-23,57.12,61.69,56.2
2014-12-24,55.84,60.24,57.22
2014-12-26,54.73,59.45,56.32
2014-12-29,53.61,57.88,55.87
2014-12-30,54.12,57.9,53.62
2014-12-31,53.27,57.33,53.6
2015-01-02,52.69,56.42,53.27
2015-01-05,50.04,53.11,50.98
2015-01-06,47.93,51.1,48.08
2015-01-07,48.65,51.15,46.6
2015-01-08,48.79,50.96,47.5
2015-01-09,48.36,50.11,47.41
2015-01-12,46.07,47.43,45.67
2015-01-13,45.89,46.59,42.55
2015-01-14,48.48,48.69,42.55
2015-01-15,46.25,47.67,44.48
2015-01-16,48.69,50.17,43.92
2015-01-19,46.39,47.99,44.82
2015-01-20,46.39,47.99,44.82
2015-01-21,47.78,49.03,44.75
2015-01-22,48.31,48.52,44.65
2015-01-23,45.59,48.79,44.42
2015-01-26,45.15,48.16,44.15
2015-01-27,46.23,49.6,43.63
2015-01-28,44.45,48.47,44.83
2015-01-29,44.53,49.13,44.63
2015-01-30,48.24,52.99,45.59
2015-02-02,49.57,54.75,48.81
2015-02-03,53.05,57.91,52.62
2015-02-04,45.48,54.16,54.72
2015-02-05,50.48,56.57,51.41
2015-02-06,51.69,57.8,54.23
2015-02-09,52.86,58.34,55.37
2015-02-10,50.02,56.43,55.83
2015-02-11,48.84,54.66,54.91
2015-02-12,51.21,57.05,54.75
2015-02-12,51.21,57.05,54.75
2015-02-13,52.78,61.52,57.7
2015-02-16,52.78,61.4,58.83
2015-02-17,53.53,62.53,58.89
2015-02-18,52.14,60.53,59.32
2015-02-19,51.16,60.21,59.32
2015-02-20,50.81,60.22,59.32
2015-02-23,49.45,58.9,57.29
2015-02-24,49.28,58.66,56.06
2015-02-25,50.99,61.63,55.84
2015-02-26,48.17,60.05,58.42
2015-02-27,49.76,62.58,57.39
2015-03-02,49.59,59.54,59.58
2015-03-03,50.52,61.02,57.15
2015-03-04,51.53,60.55,57.8
2015-03-05,50.76,60.48,57.35
2015-03-06,49.61,59.73,57.26
2015-03-09,50,58.53,56.58
2015-03-10,48.29,56.39,55.48
2015-03-11,48.17,57.54,53.5
2015-03-12,47.05,57.08,55.4
2015-03-13,44.84,54.67,54.96
2015-03-16,43.88,53.44,52.75
2015-03-17,43.46,53.51,51.64
2015-03-18,44.66,55.91,51.24
2015-03-19,43.96,54.43,53.4
2015-03-20,45.72,55.32,52.06
2015-03-23,47.45,55.92,52.87
2015-03-24,47.51,55.11,53.4
2015-03-25,49.21,56.48,52.69
2015-03-26,51.43,59.19,53.99
2015-03-27,48.87,56.41,56.37
2015-03-30,48.68,56.29,53.95
2015-03-31,47.6,55.11,53.84
2015-04-01,50.09,57.1,52.83
2015-04-02,49.14,54.95,54.63
2015-04-06,52.14,58.12,53.95
2015-04-07,53.98,59.1,55.01
2015-04-08,50.42,55.55,55.92
2015-04-09,50.79,56.57,53.31
2015-04-10,51.64,57.87,54.28
2015-04-13,51.91,57.93,56.58
2015-04-14,53.29,58.43,56.32
2015-04-15,56.39,60.32,56.82
2015-04-16,56.71,63.98,58.66
2015-04-17,55.74,63.45,59.21
2015-04-20,56.38,63.45,59.34
2015-04-21,56.61,62.08,59.25
2015-04-22,56.16,62.73,58.03
2015-04-23,57.74,64.85,58.6
2015-04-24,57.15,65.28,61.43
2015-04-27,56.99,64.83,62
2015-04-28,57.06,64.64,61.62
2015-04-29,58.58,65.84,61.62
2015-04-30,59.63,66.46,62.69
2015-05-01,59.15,66.46,62.69
2015-05-04,59.83,66.45,63.03
2015-05-05,60.4,67.52,63.28
2015-05-06,60.93,67.77,64.79
2015-05-07,58.94,65.54,65.06
2015-05-08,59.39,65.39,62.96
2015-05-11,59.25,64.91,62.84
2015-05-12,60.75,66.86,62.4
2015-05-13,60.5,66.81,64.21
2015-05-14,59.88,66.7,63.61
2015-05-15,59.69,66.81,63.49
2015-05-18,59.43,66.27,63.58
2015-05-19,57.26,64.02,62.79
2015-05-20,58.98,65.03,61.75
2015-05-21,60.72,66.54,62.68
2015-05-22,59.72,65.37,64.03
2015-05-25,59.72,65.52,62.98
2015-05-26,58.03,63.72,63.07
2015-05-27,57.51,62.06,62.11
2015-05-28,57.68,62.58,60.64
2015-05-29,60.3,65.56,61.11
2015-06-01,60.2,64.88,61.11
2015-06-02,61.26,65.49,62.49
2015-06-03,59.64,63.8,62.3
2015-06-04,58,62.03,60.71
2015-06-05,59.13,63.31,59.03
2015-06-08,58.14,62.69,60.23
2015-06-09,60.14,64.88,59.64
2015-06-10,61.43,65.7,62.66
2015-06-11,60.77,65.11,63.44
2015-06-12,59.96,63.87,62.42
2015-06-15,59.52,62.61,61.29
2015-06-16,59.97,63.7,60.46
2015-06-17,59.92,63.87,60.81
2015-06-18,60.45,64.26,60.98
2015-06-19,59.61,63.02,60.93
2015-06-22,59.68,63.34,59.82
2015-06-23,61.01,64.45,60.11
2015-06-24,60.27,63.49,61.09
2015-06-25,59.7,63.2,60.26
2015-06-26,59.63,63.26,60.01
2015-06-29,58.33,62.01,59.36
2015-06-30,59.47,63.59,59.56
2015-07-01,56.96,62.01,60.93
2015-07-02,56.93,62.07,59.51
2015-07-03,56.93,60.32,59.45
2015-07-06,52.53,56.54,57.93
2015-07-07,52.33,56.85,55.16
2015-07-08,51.65,57.05,54.98
2015-07-09,52.78,58.61,56.69
2015-07-10,52.74,58.73,58.19
2015-07-13,52.2,57.85,57.75
2015-07-14,53.04,58.51,56.25
2015-07-15,51.41,57.05,56.93
2015-07-16,50.91,57.51,55.75
2015-07-17,50.89,57.1,55.75
2015-07-20,50.15,56.65,55.4
2015-07-21,50.36,57.04,54.68
2015-07-22,49.19,56.13,55.03
2015-07-23,48.45,55.27,54.22
2015-07-24,48.14,54.62,53.45
2015-07-27,47.39,53.47,52.87
2015-07-28,47.98,53.3,51.85
2015-07-29,48.79,53.38,51.86
2015-07-30,48.52,53.31,52.53
2015-07-31,47.12,52.21,52.07
2015-08-03,45.17,49.52,51.11
2015-08-04,45.74,49.99,50.13
2015-08-05,45.15,49.59,50.09
2015-08-06,44.66,49.52,49.71
2015-08-07,43.87,48.61,49.71
2015-08-10,44.96,50.41,49.71
2015-08-11,43.08,49.18,50.59
2015-08-12,43.3,49.66,49.37
2015-08-13,42.23,49.22,49.87
2015-08-14,42.5,49.03,49.43
2015-08-17,41.87,48.74,48.53
2015-08-18,42.62,48.81,48.22
2015-08-19,40.8,47.16,48.27
2015-08-20,41.14,46.62,46.73
2015-08-21,40.45,45.46,46.23
2015-08-24,38.24,42.69,44.4
2015-08-25,39.31,43.21,42.66
2015-08-26,38.6,43.14,42.94
2015-08-27,42.56,47.56,43.57
2015-08-28,45.22,50.05,46.84
2015-08-31,49.2,54.15,48.72
2015-09-01,45.41,49.56,49.98
2015-09-02,46.25,50.5,46.16
2015-09-03,46.75,50.68,47.01
2015-09-04,46.05,49.61,47.19
2015-09-07,46.05,47.63,46.6
2015-09-08,45.94,49.52,45.93
2015-09-09,44.15,47.58,47.55
2015-09-10,45.92,48.89,45.75
2015-09-11,48.14,44.63,45.75
2015-09-14,44,46.37,45.47
2015-09-15,44.59,46.63,43.87
2015-09-16,47.15,49.75,44.08
2015-09-17,46.9,49.08,46.78
2015-09-18,44.68,47.47,45.99
2015-09-21,46.68,48.92,44.58
2015-09-22,45.83,49.08,45
2015-09-23,44.48,47.75,45.13
2015-09-24,44.91,48.17,45.13
2015-09-25,45.7,48.6,44.98
2015-09-28,44.43,47.34,45.01
2015-09-29,45.23,48.23,43.95
2015-09-30,45.09,48.37,44.31
2015-10-01,44.74,47.69,45.92
2015-10-02,45.34,48.13,45.38
2015-10-05,46.26,49.25,45.91
2015-10-06,48.53,51.92,46.48
2015-10-07,47.81,51.33,48.97
2015-10-08,49.43,53.05,48.41
2015-10-09,49.63,52.65,49.99
2015-10-12,47.1,49.86,49.61
2015-10-13,46.66,49.24,47.08
2015-10-14,46.64,49.15,46.52
2015-10-15,46.38,48.71,46.44
2015-10-16,50.46,47.26,46.58
2015-10-19,45.89,48.61,46.22
2015-10-20,45.55,48.71,44.61
2015-10-21,45.2,47.85,44.43
2015-10-22,45.38,48.08,43.71
2015-10-23,44.6,47.99,43.9
2015-10-26,43.98,47.54,43.48
2015-10-27,43.2,46.81,43.01
2015-10-28,45.94,49.05,43.11
2015-10-29,46.06,48.8,44.45
2015-10-30,46.59,49.56,43.94
2015-11-02,46.14,48.79,44.55
2015-11-03,47.9,50.54,43.89
2015-11-04,46.32,48.58,45.45
2015-11-05,45.2,47.98,43.7
2015-11-06,44.29,47.42,43.16
2015-11-09,43.87,47.19,42.88
2015-11-10,44.21,47.44,42.88
2015-11-11,42.93,45.81,42.59
2015-11-12,41.75,44.06,41.68
2015-11-13,40.74,43.61,40.77
2015-11-16,41.74,44.56,40.35
2015-11-17,40.67,43.57,40.39
2015-11-18,40.75,44.14,39.64
2015-11-19,40.54,44.18,40.13
2015-11-20,40.39,44.66,40.07
2015-11-23,41.75,44.83,39.57
2015-11-24,42.87,46.12,40.7
2015-11-25,43.04,46.17,41.4
2015-11-26,43.04,45.46,40.94
2015-11-27,41.71,44.86,40.37
2015-11-30,41.65,44.61,39.87
2015-12-01,41.85,44.44,39.8
2015-12-02,39.94,42.49,39.75
2015-12-03,41.08,43.84,38.29
2015-12-04,39.97,43,39.11
2015-12-07,37.65,40.73,38.35
2015-12-08,37.51,40.26,36.91
2015-12-09,37.16,40.11,36.49
2015-12-10,36.76,39.73,36.51
2015-12-11,35.62,37.93,36.2
2015-12-14,36.31,37.92,34.64
2015-12-15,37.35,38.45,33.82
2015-12-16,35.52,37.19,34.24
2015-12-17,34.95,37.06,32.86
2015-12-18,34.73,36.88,32.98
2015-12-21,34.74,36.35,31.98
2015-12-22,36.14,36.11,32
2015-12-23,37.5,37.36,31.82
2015-12-24,38.1,37.89,32.83
2015-12-28,36.81,36.62,32.61
2015-12-29,37.87,37.79,32.11
2015-12-30,36.6,36.46,32.74
2015-12-31,37.04,37.28,32.19
2016-01-04,36.76,37.22,32.54
2016-01-05,35.97,36.42,31.66
2016-01-06,33.97,34.23,30.76
2016-01-07,33.27,33.75,27.96
2016-01-08,33.16,33.55,29.11
2016-01-11,31.41,31.55,28.07
2016-01-12,30.44,30.86,26.44
2016-01-13,30.48,30.31,26.49
2016-01-14,31.2,31.03,26.04
2016-01-15,29.42,28.94,26.22
2016-01-18,29.42,28.55,24.65
2016-01-19,28.46,28.76,24.72
2016-01-20,26.55,27.88,23.36
2016-01-21,29.53,29.25,22.83
2016-01-22,32.19,32.18,23.88
2016-01-25,30.34,30.5,26.1
2016-01-26,31.45,31.8,24.84
2016-01-27,32.3,33.1,26.11
2016-01-28,33.22,33.89,27.08
2016-01-29,33.62,34.74,28.37
2016-02-01,31.62,34.24,29.01
2016-02-02,29.88,32.72,28.08
2016-02-03,32.28,35.04,27.52
2016-02-04,31.72,34.46,29.51
2016-02-05,30.89,34.06,29.22
2016-02-08,29.69,32.88,29.22
2016-02-09,27.94,30.32,29.22
2016-02-10,27.45,30.84,26.2
2016-02-11,26.21,30.06,26.08
2016-02-12,29.44,33.36,26.86
2016-02-15,29.44,33.39,29.22
2016-02-16,29.04,32.18,30.66
2016-02-17,30.66,34.5,28.31
2016-02-18,30.77,34.28,30.25
2016-02-19,29.64,33.01,30.07
2016-02-22,33.39,34.69,29.33
2016-02-23,31.87,33.27,29.69
2016-02-24,32.15,34.41,28.57
2016-02-25,33.07,35.29,29.46
2016-02-26,32.78,35.1,30.43
2016-02-29,33.75,36.57,29.99
2016-03-01,34.4,36.81,31.65
2016-03-02,34.66,36.93,31.95
2016-03-03,34.57,37.07,32.04
2016-03-04,35.92,38.72,32.17
2016-03-07,37.9,40.84,34.39
2016-03-08,36.5,39.65,35.56
2016-03-09,38.29,41.07,35.03
2016-03-10,37.84,40.05,36.26
2016-03-11,38.5,40.39,36.37
2016-03-14,37.18,39.53,35.69
2016-03-15,36.34,38.74,34.66
2016-03-16,38.46,40.33,34.8
2016-03-17,40.2,41.54,36.67
2016-03-18,39.44,41.2,37.42
2016-03-21,41.52,41.54,37.14
2016-03-22,41.45,41.79,37.43
2016-03-23,39.79,40.47,37.14
2016-03-24,39.46,40.44,36.04
2016-03-28,39.39,40.27,36.31
2016-03-29,38.28,39.14,36.17
2016-03-30,38.32,39.26,35.45
2016-03-31,38.34,39.6,35.05
2016-04-01,36.79,38.67,36.22
2016-04-04,35.7,37.69,34.84
2016-04-05,35.89,37.87,33.83
2016-04-06,37.75,39.84,34.69
2016-04-07,37.26,39.43,36.48
2016-04-08,39.72,41.94,36.71
2016-04-11,40.36,42.83,37.79
2016-04-12,42.17,44.69,38.67
2016-04-13,41.76,44.18,40.11
2016-04-14,41.5,43.84,39.66
2016-04-15,40.36,43.1,39.37
2016-04-18,39.78,42.91,37.73
2016-04-19,41.08,44.03,39.17
2016-04-20,42.63,45.8,39.03
2016-04-21,43.18,44.53,41.7
2016-04-22,43.73,45.11,41.01
2016-04-25,42.64,44.48,40.86
2016-04-26,44.04,45.74,40.83
2016-04-27,45.33,47.18,42.59
2016-04-28,46.03,48.14,43.22
2016-04-29,45.92,48.13,44.26
2016-05-02,44.78,45.83,44.26
2016-05-03,43.65,44.97,43.03
2016-05-04,43.78,44.62,42.05
2016-05-05,44.32,45.01,42.45
2016-05-06,44.66,45.37,42.2
2016-05-09,43.44,43.63,42.84
2016-05-10,44.66,45.52,41.23
2016-05-11,46.23,47.6,42.18
2016-05-12,46.7,48.08,44.65
2016-05-13,46.21,47.83,44.39
2016-05-16,47.72,48.97,45.35
2016-05-17,48.31,49.28,45.68
2016-05-18,48.19,48.93,45.76
2016-05-19,48.16,48.81,44.75
2016-05-20,47.75,48.72,45.65
2016-05-23,48.08,48.35,44.87
2016-05-24,48.62,48.61,44.55
2016-05-25,49.56,49.74,45.27
2016-05-26,49.48,49.59,45.74
2016-05-27,49.33,49.32,45.31
2016-05-30,49.33,49.76,45.54
2016-05-31,49.1,49.69,45.9
2016-06-01,49.01,49.72,45.44
2016-06-02,49.17,50.04,46.17
2016-06-06,49.69,50.55,45.91
2016-06-07,50.36,51.44,46.82
2016-06-08,51.23,52.51,47.99
2016-06-09,50.56,51.95,48.98
2016-06-10,49.07,50.54,48.23
2016-06-13,48.88,50.35,47.06
2016-06-14,48.49,49.83,46.3
2016-06-15,48.01,48.97,46.09
2016-06-16,46.21,47.19,44.93
2016-06-17,47.98,49.17,44.48
2016-06-20,49.37,50.65,46.53
2016-06-21,48.85,50.62,46.4
2016-06-22,49.13,49.88,47.12
2016-06-23,50.11,50.91,46.48
2016-06-24,47.64,48.41,45.47
2016-06-27,46.33,47.16,45.11
2016-06-28,47.85,48.58,44.55
2016-06-29,49.88,50.61,45.73
2016-06-30,48.33,49.68,46.46
2016-07-01,48.99,50.35,45.19
2016-07-04,48.99,50.1,46.97
2016-07-05,46.6,47.96,45.01
2016-07-06,47.43,48.8,45.01
2016-07-07,45.14,46.4,44.99
2016-07-08,45.41,46.76,42.5
2016-07-11,44.76,46.25,41.97
2016-07-12,46.8,48.47,42.58
2016-07-13,44.75,46.26,43.41
2016-07-14,45.68,47.37,42.31
2016-07-15,45.95,47.61,42.59
2016-07-18,45.24,46.96,43.38
2016-07-19,44.65,46.66,42.21
2016-07-20,44.94,47.17,42.24
2016-07-21,44.75,46.2,42.73
2016-07-22,44.19,45.69,41.63
2016-07-25,43.13,44.72,41.38
2016-07-26,42.92,44.87,40.37
2016-07-27,41.92,43.47,40.59
2016-07-28,41.14,42.7,39.88
2016-07-29,41.6,42.46,38.64
2016-08-01,40.06,42.14,40.04
2016-08-02,39.51,41.8,38.85
2016-08-03,40.83,43.1,38.54
2016-08-04,41.93,44.29,39.99
2016-08-05,41.8,44.27,41.22
2016-08-08,43.02,45.39,41.59
2016-08-09,42.77,44.98,41.59
2016-08-10,41.71,44.05,41.34
2016-08-11,43.49,46.04,40.49
2016-08-12,44.49,46.97,42.89
2016-08-15,45.74,48.35,44.43
2016-08-16,46.58,49.23,45.74
2016-08-17,46.79,49.85,45.85
2016-08-18,48.22,50.89,46.65
2016-08-19,48.52,50.88,47.26
2016-08-22,47.05,49.16,46.85
2016-08-23,48.1,49.96,45.38
2016-08-24,46.77,49.05,45.96
2016-08-25,47.33,49.67,45.59
2016-08-26,47.64,49.92,44.62
2016-08-29,46.98,49.26,45.82
2016-08-30,46.35,48.37,46.16
2016-08-31,44.7,47.04,44.79
2016-09-01,43.16,45.45,42.98
2016-09-02,44.44,46.83,41.71
2016-09-05,44.44,47.63,44.28
2016-09-06,44.83,47.26,43.4
2016-09-07,45.5,47.98,43.67
2016-09-08,47.62,49.99,44.83
2016-09-09,45.88,48.01,45.45
2016-09-12,46.29,48.32,45.45
2016-09-13,44.9,47.1,43.69
2016-09-14,43.58,45.85,43.57
2016-09-15,43.91,46.59,42.04
2016-09-16,43.03,45.77,42.34
2016-09-19,43.3,45.95,42.43
2016-09-20,43.44,45.88,41.99
2016-09-21,45.34,46.83,43.08
2016-09-22,46.32,47.65,43.58
2016-09-23,44.48,45.89,43.39
2016-09-26,45.93,47.35,42.15
2016-09-27,44.67,45.97,43.13
2016-09-28,47.05,48.69,43.38
2016-09-29,47.83,49.24,44.65
2016-09-30,48.24,49.06,45.11
2016-10-03,48.81,50.89,47.87
2016-10-04,48.69,50.87,47.83
2016-10-05,49.83,51.86,48.83
2016-10-06,50.44,52.51,48.77
2016-10-07,49.81,51.93,50.07
2016-10-10,51.35,53.14,48.9
2016-10-11,50.79,52.41,50.01
2016-10-12,50.18,51.81,50.03
2016-10-13,50.44,52.03,49.07
2016-10-14,50.35,51.95,49.88
2016-10-17,49.94,51.52,49.12
2016-10-18,50.29,51.68,49.23
2016-10-19,51.6,52.67,49.67
2016-10-20,50.43,51.38,49.66
2016-10-21,50.85,51.78,48.82
2016-10-24,50.52,51.46,49.48
2016-10-25,49.96,50.79,49.2
2016-10-26,49.18,49.98,47.91
2016-10-27,49.72,50.47,48.16
2016-10-28,48.7,49.71,48.4
2016-10-31,46.86,48.3,47.44
2016-11-01,46.67,48.14,45.42
2016-11-02,45.34,46.86,44.08
2016-11-03,44.66,46.35,43.52
2016-11-04,44.07,45.58,42.84
2016-11-07,44.89,46.15,42.69
2016-11-08,44.98,46.04,42.87
2016-11-09,45.27,46.36,42.57
2016-11-10,44.66,45.84,43.67
2016-11-11,43.41,44.75,43.7
2016-11-14,43.32,44.43,41.95
2016-11-15,45.81,46.95,41.97
2016-11-16,45.57,46.63,43.45
2016-11-17,45.42,46.49,43.47
2016-11-18,45.69,46.86,42.8
2016-11-21,47.49,48.9,44.47
2016-11-22,48.03,49.12,46.08
2016-11-23,47.96,48.95,46.07
2016-11-24,47.96,49,45.67
2016-11-25,46.06,47.24,45.97
2016-11-28,47.08,48.24,43.76
2016-11-29,45.23,46.38,44.65
2016-11-29,45.23,46.38,44.65
2016-11-30,49.44,50.47,44.12
2016-12-01,51.06,53.94,49.02
2016-12-02,51.68,54.46,50.39
2016-12-05,51.79,54.94,51.64
2016-12-06,50.93,53.93,51.65
2016-12-07,49.77,53,50.35
2016-12-08,50.84,53.89,50.3
2016-12-09,51.5,54.33,51.32
2016-12-12,52.83,55.69,54.18
2016-12-13,52.98,55.72,52.85
2016-12-14,51.04,53.9,52.69
2016-12-15,50.9,54.02,51.65
2016-12-16,51.9,55.21,51.69
2016-12-19,52.12,54.92,52.86
2016-12-20,52.23,55.35,52.09
2016-12-21,52.49,54.46,52.87
2016-12-22,52.95,55.05,51.78
2016-12-23,53.02,55.16,52.21
2016-12-27,53.9,56.09,52.72
2016-12-28,54.06,56.22,53.73
2016-12-29,53.77,56.14,53.9
2016-12-30,53.72,56.82,53.83
2017-01-03,52.33,55.47,54.65
2017-01-04,53.26,56.46,53.99
2017-01-05,53.76,56.89,54.28
2017-01-06,53.99,57.1,54.25
2017-01-09,51.96,54.94,54.35
2017-01-10,50.82,53.64,53.14
2017-01-11,52.25,55.1,52.22
2017-01-12,53.01,56.01,53.45
2017-01-13,52.37,55.45,54.3
2017-01-16,52.37,55.86,53.29
2017-01-17,52.48,55.47,53.88
2017-01-18,51.08,53.92,53.84
2017-01-19,51.37,54.16,53.03
2017-01-20,52.42,55.49,52.91
2017-01-23,52.75,55.23,53.52
2017-01-24,53.18,55.44,53.98
2017-01-25,52.75,55.08,53.47
2017-01-26,53.78,56.24,53.86
2017-01-27,53.17,55.52,54.49
2017-01-30,52.63,55.23,54.49
2017-01-31,52.81,55.7,53.23
2017-02-01,53.88,56.8,53.22
2017-02-02,53.54,56.56,54.94
2017-02-03,53.83,56.81,55.45
2017-02-06,53.01,55.72,55.31
2017-02-07,52.17,55.05,54.17
2017-02-08,52.34,55.12,53.35
2017-02-09,53,55.63,53.79
2017-02-10,53.86,56.7,53.78
2017-02-13,52.93,55.59,54.76
2017-02-14,53.2,54.26,55.97
2017-02-15,53.11,54.13,55.75
2017-02-16,53.36,55.65,53.95
2017-02-17,53.4,55.81,54.06
2017-02-20,53.4,56.18,54.46
2017-02-21,54.06,56.66,54.64
2017-02-22,53.59,55.84,54.68
2017-02-23,54.45,56.58,54.75
2017-02-24,53.99,55.99,54.7
2017-02-27,54.05,55.93,55.18
2017-02-28,54.01,55.59,54.44
2017-03-01,53.83,56.36,54.94
2017-03-02,52.61,55.08,53.86
2017-03-03,53.33,55.9,53.68
2017-03-06,53.2,56.01,53.85
2017-03-07,53.14,55.92,54.44
2017-03-08,50.28,53.11,54.02
2017-03-09,49.28,52.19,52.52
2017-03-10,48.49,51.37,51.16
2017-03-13,48.4,51.35,50.04
2017-03-14,47.72,50.92,49.82
2017-03-15,48.86,51.81,50.01
2017-03-16,48.75,51.74,50.64
2017-03-17,48.78,51.76,50.13
2017-03-20,48.22,51.62,50.05
2017-03-21,47.34,50.96,50.42
2017-03-22,48.04,50.64,49.02
2017-03-23,47.7,50.56,49.17
2017-03-24,47.97,50.8,48.97
2017-03-27,47.73,50.75,48.84
2017-03-28,48.37,51.33,49.23
2017-03-29,49.51,52.42,50.14
2017-03-30,50.35,52.96,50.71
2017-03-31,50.6,52.83,50.78
2017-04-03,50.24,53.12,51.67
2017-04-04,51.03,54.17,51.1
2017-04-05,51.15,54.36,52.99
2017-04-06,51.7,54.89,52.64
2017-04-07,52.24,55.24,53.94
2017-04-10,53.08,55.98,53.88
2017-04-11,53.4,56.23,54.33
2017-04-12,53.11,55.86,54.61
2017-04-13,53.18,55.89,54.16
2017-04-17,52.65,55.36,53.49
2017-04-18,52.41,54.89,53.12
2017-04-19,50.44,52.93,53.04
2017-04-20,50.27,52.99,51.46
2017-04-21,49.62,51.96,51.36
2017-04-24,49.23,51.6,50.94
2017-04-25,49.56,52.1,50.13
2017-04-26,49.62,51.82,50.57
2017-04-27,48.97,51.44,50.02
2017-04-28,49.33,51.73,50.16
2017-05-01,48.84,51.52,50.16
2017-05-02,47.66,50.46,50.16
2017-05-03,47.82,50.79,49.68
2017-05-04,45.52,48.38,49.68
2017-05-05,46.22,49.1,47.97
2017-05-08,46.43,49.34,47.97
2017-05-09,45.88,48.73,48.38
2017-05-10,47.33,50.22,48.38
2017-05-11,47.83,50.77,49.64
2017-05-12,47.84,50.84,49.46
2017-05-15,48.85,51.82,50.82
2017-05-16,48.66,51.65,51.09
2017-05-17,49.07,52.21,50.42
2017-05-18,49.35,52.51,51
2017-05-19,50.33,53.61,51.96
2017-05-22,50.73,53.87,52.79
2017-05-23,51.47,54.15,52.31
2017-05-24,51.36,53.96,53.1
2017-05-25,48.9,51.46,52.78
2017-05-26,49.8,52.15,50.42
2017-05-30,49.66,51.84,50.48
2017-05-31,48.32,50.31,50.09
2017-06-01,48.36,50.63,50.16
2017-06-02,47.66,49.95,48.34
2017-06-05,47.4,49.47,48.34
2017-06-06,48.19,50.12,47.89
2017-06-07,45.72,48.06,48.42
2017-06-08,45.64,47.86,47.07
2017-06-09,45.83,48.15,46.46
2017-06-12,46.08,48.29,47.02
2017-06-13,46.46,48.72,47.3
2017-06-14,44.73,47,46.84
2017-06-15,44.46,46.92,45.37
2017-06-16,44.74,47.37,45.88
2017-06-19,44.2,46.91,45.68
2017-06-20,43.23,46.02,45.62
2017-06-21,42.53,44.82,44.32
2017-06-22,42.74,45.22,43.5
2017-06-23,43.01,45.54,44.17
2017-06-26,43.38,45.83,44.17
2017-06-27,44.24,46.65,45.03
2017-06-28,44.74,47.31,45.3
2017-06-29,44.93,47.42,46.36
2017-06-30,46.04,47.92,46.47
2017-07-03,47.07,49.68,47.62
2017-07-04,47.07,49.61,48.43
2017-07-05,45.13,47.79,48.34
2017-07-06,45.52,48.11,47.07
2017-07-07,44.23,46.71,46.05
2017-07-10,44.4,46.88,45.24
2017-07-11,45.04,47.52,45.27
2017-07-12,45.49,47.74,46.82
2017-07-13,46.08,48.42,46.1
2017-07-14,46.54,48.91,46.99
2017-07-17,46.02,48.42,47.65
2017-07-18,46.4,48.84,47.2
2017-07-19,47.12,49.7,47.41
2017-07-20,46.79,49.3,48.33
2017-07-21,45.77,48.06,48.17
2017-07-24,46.34,48.6,46.51
2017-07-25,47.89,50.2,47.3
2017-07-26,48.75,50.97,49.05
2017-07-27,49.04,51.49,49.35
2017-07-28,49.71,52.52,49.72
2017-07-31,50.17,52.65,50.38
2017-08-01,49.16,51.78,51.22
2017-08-02,49.59,52.36,50.29
2017-08-03,49.03,52.01,50.83
2017-08-04,49.58,52.42,50.36
2017-08-07,49.39,52.37,50.8
2017-08-08,49.17,52.14,51.24
2017-08-09,49.56,52.7,51.24
2017-08-10,48.59,51.9,51.62
2017-08-11,48.82,52.1,49.86
2017-08-14,47.59,50.73,50.36
2017-08-15,47.55,50.8,49.26
2017-08-16,46.78,50.27,49.53
2017-08-17,47.09,51.03,48.65
2017-08-18,48.51,52.72,49.26
2017-08-21,47.37,51.66,50.72
2017-08-22,47.64,51.87,49.97
2017-08-23,48.41,52.57,49.93
2017-08-24,47.43,52.04,50.55
2017-08-25,47.87,52.41,50.56
2017-08-28,46.57,51.89,50.55
2017-08-29,46.44,52,50.1
2017-08-30,45.96,50.86,49.93
2017-08-31,47.23,52.38,49.26
2017-09-01,47.29,52.75,49.26
2017-09-04,47.29,52.34,50.6
2017-09-05,48.66,53.38,51.02
2017-09-06,49.16,54.2,52.14
2017-09-07,49.09,54.49,52.99
2017-09-08,47.48,53.78,53.18
2017-09-11,48.07,53.84,52.14
2017-09-12,48.23,54.27,52.17
2017-09-13,49.3,55.16,52.87
2017-09-14,49.89,55.47,53.57
2017-09-15,49.89,55.62,53.64
2017-09-18,49.91,55.48,54.19
2017-09-19,49.48,55.14,54.07
2017-09-20,50.41,56.29,53.93
2017-09-21,50.55,56.43,54.65
2017-09-22,50.66,56.86,54.66
2017-09-25,52.22,59.02,54.83
2017-09-26,51.88,58.44,56.15
2017-09-27,52.14,57.9,55.65
2017-09-28,51.56,57.41,55.55
2017-09-29,51.67,57.54,55.19
2017-10-02,50.58,56.12,55.16
2017-10-03,50.42,56,54.45
2017-10-04,49.98,55.8,53.92
2017-10-05,50.79,57,54.35
2017-10-06,49.29,55.62,55.27
2017-10-09,49.58,55.79,53.76
2017-10-10,50.92,56.61,54.08
2017-10-11,51.3,56.94,54.78
2017-10-12,50.6,56.25,54.97
2017-10-13,51.45,57.17,55.4
2017-10-16,51.87,57.82,55.98
2017-10-17,51.88,57.88,56.33
2017-10-18,52.04,58.15,56.33
2017-10-19,51.29,57.23,55.51
2017-10-20,51.47,57.75,55.13
2017-10-23,51.9,57.37,55.85
2017-10-24,52.47,58.33,55.28
2017-10-25,52.18,58.44,56.2
2017-10-26,52.64,59.3,56.21
2017-10-27,53.9,60.44,57
2017-10-30,54.15,60.9,58.33
2017-10-31,54.38,61.37,58.32
2017-11-01,54.3,60.49,59.61
2017-11-02,54.54,60.62,58.58
2017-11-03,55.64,62.07,58.93
2017-11-06,57.35,64.27,60.58
2017-11-07,57.2,63.69,62.39
2017-11-08,56.81,63.49,61.8
2017-11-09,57.17,63.93,61.61
2017-11-10,56.74,63.52,62.06
2017-11-13,56.76,63.16,61.63
2017-11-14,55.7,62.21,61.25
2017-11-15,55.33,61.87,60.04
2017-11-16,55.14,61.36,60.29
2017-11-17,56.55,62.72,59.66
2017-11-20,56.09,62.22,60.68
2017-11-21,56.83,62.57,60.48
2017-11-22,58.02,63.32,61.12
2017-11-23,58.02,63.55,61.13
2017-11-24,58.95,63.86,61.62
2017-11-27,58.11,63.84,61.5
2017-11-28,57.99,63.61,61.25
2017-11-29,57.3,63.11,60.97
2017-11-30,57.4,63.57,60.82
2017-12-01,58.36,63.73,60.8
2017-12-04,57.47,62.45,60.99
2017-12-05,57.62,62.86,60.22
2017-12-06,55.96,61.22,60.72
2017-12-07,56.69,62.2,59.43
2017-12-08,57.36,63.4,60.26
2017-12-11,57.99,64.69,60.96
2017-12-12,57.14,63.34,62.52
2017-12-13,56.6,62.44,61.33
2017-12-14,57.04,63.31,60.23
2017-12-15,57.3,63.23,61.18
2017-12-18,57.16,63.41,61.28
2017-12-19,57.46,63.8,61.4
2017-12-20,58.09,64.56,61.6
2017-12-21,58.36,64.9,62.17
2017-12-22,58.47,65.25,62.37
2017-12-26,59.97,67.02,62.61
2017-12-27,59.64,66.44,63.94
2017-12-28,59.84,66.72,63.85
2017-12-29,60.42,66.87,64.33
2018-01-02,60.37,66.57,64.37
2018-01-03,61.63,67.84,64.15
2018-01-04,62.01,68.07,65.35
2018-01-05,61.44,67.62,65.33
2018-01-08,61.73,67.78,65.04
2018-01-09,62.96,68.82,65.51
2018-01-10,63.57,69.2,66.59
2018-01-11,63.8,69.26,66.5
2018-01-12,64.3,69.87,66.29
2018-01-16,63.73,69.15,67.09
2018-01-17,63.97,69.38,66.27
2018-01-18,63.95,69.31,66.42
2018-01-19,63.37,68.61,65.95
2018-01-22,63.49,69.03,66.09
2018-01-23,64.47,69.96,66.49
2018-01-24,65.61,70.53,66.86
2018-01-25,65.51,70.42,67.98
2018-01-26,66.14,70.52,67.4
2018-01-29,65.56,69.46,67.55
2018-01-30,64.5,69.02,66.38
2018-01-31,64.73,69.05,65.77
2018-02-01,65.8,69.65,66.12
2018-02-02,65.45,68.58,67.02
2018-02-05,64.15,67.62,65.07
2018-02-06,63.39,66.86,64.25
2018-02-07,61.79,65.51,64.05
2018-02-08,61.15,64.81,62.26
2018-02-09,59.2,62.79,61.12
2018-02-12,59.29,62.59,60.29
2018-02-13,59.19,62.72,59.84
2018-02-14,59.19,62.72,59.84
2018-02-15,59.19,62.72,59.84
2018-02-20,61.9,65.25,62.05
2018-02-21,61.68,65.42,61.3
2018-02-22,62.77,66.39,61.6
2018-02-23,63.55,67.31,62.77
2018-02-26,63.91,67.5,63.9
2018-02-27,63.01,66.63,64.02
2018-02-28,61.64,64.78,63.22
2018-03-01,60.99,63.83,61.42
2018-03-02,61.25,64.37,60.28
2018-03-05,62.57,65.54,61.32
2018-03-06,62.6,65.79,62.04
2018-03-07,61.15,64.34,61.61
2018-03-08,60.12,63.61,60.8
2018-03-09,62.04,65.49,60.28
2018-03-12,61.36,64.95,61.71
2018-03-13,60.71,64.64,61.25
2018-03-14,60.96,64.89,61.23
2018-03-15,61.19,65.12,61.45
2018-03-16,62.34,66.21,61.74
2018-03-19,62.06,66.05,62.48
2018-03-20,63.4,67.42,62.98
2018-03-21,65.17,69.47,63.89
2018-03-22,64.3,68.91,65.44
2018-03-23,65.88,70.45,65.33
2018-03-26,65.55,70.12,65.97
2018-03-27,65.25,70.11,65.83
2018-03-28,64.38,69.53,65.24
2018-03-29,64.94,70.27,65.33
2018-04-02,63.01,67.64,66.79
2018-04-03,63.51,68.12,65.16
2018-04-04,63.37,68.02,64.7
2018-04-05,63.54,68.33,65.38
2018-04-06,62.06,67.11,65.37
2018-04-09,63.42,68.65,64.7
2018-04-10,65.51,71.04,66.51
2018-04-11,66.82,72.06,67.58
2018-04-12,67.07,72.02,68.63
2018-04-13,67.39,72.58,69.04
2018-04-16,66.22,71.42,68.18
2018-04-17,66.52,71.58,68.23
2018-04-18,68.47,73.48,68.81
2018-04-19,68.29,73.78,70.75
2018-04-20,68.38,74.06,70.42
2018-04-23,68.64,74.71,70.29
2018-04-24,67.7,73.86,71.24
2018-04-25,68.05,74,70.36
2018-04-26,68.19,74.74,70.63
2018-04-27,68.1,74.64,70.88
2018-04-30,67.25,75.17,70.05
2018-05-01,67.25,73.13,70.05
2018-05-02,67.93,73.36,70.25
2018-05-03,68.43,73.62,70.54
2018-05-04,69.72,74.87,70.47
2018-05-07,70.73,76.17,72.46
2018-05-08,69.06,74.85,72.48
2018-05-09,71.14,77.21,73.93
2018-05-10,71.36,77.47,74.73
2018-05-11,70.7,77.12,74.46
2018-05-14,70.96,78.23,73.77
2018-05-15,71.31,78.43,75.3
2018-05-16,71.49,79.28,75.1
2018-05-17,71.49,79.3,76.67
2018-05-18,71.28,78.51,77.06
2018-05-21,72.24,79.22,76.43
2018-05-22,72.13,79.57,77.28
2018-05-23,71.84,79.8,76.65
2018-05-24,70.71,78.79,77.03
2018-05-25,67.88,76.44,75.78
2018-05-28,67.88,75.3,73.24
2018-05-29,66.73,75.39,73.24
2018-05-30,68.21,77.5,73.53
2018-05-31,67.04,77.59,75.45
2018-06-01,65.81,76.79,75.11
2018-06-04,64.75,75.29,74.4
2018-06-05,65.52,75.38,73.61
2018-06-06,64.73,75.36,73.75
2018-06-07,65.95,77.32,73.58
2018-06-08,65.74,76.46,74.87
2018-06-11,66.1,76.46,74.36
2018-06-12,66.36,75.88,74.75
2018-06-13,66.64,76.74,73.48
2018-06-14,66.89,75.94,74.31
2018-06-15,65.06,73.44,74.31
2018-06-18,65.85,75.34,70.97
2018-06-19,65.07,75.08,72.07
2018-06-20,66.22,74.74,72.65
2018-06-21,65.54,73.05,71.25
2018-06-22,68.58,75.55,71.77
2018-06-25,68.08,74.73,72.81
2018-06-26,70.53,76.31,73.03
2018-06-27,72.76,77.62,74.36
2018-06-28,73.45,77.85,75.19
2018-06-29,74.15,79.44,75.86
2018-07-02,73.94,77.3,75.57
2018-07-03,74.14,77.76,74.77
2018-07-04,74.14,78.24,75.07
2018-07-05,72.94,77.39,74.92
2018-07-06,73.8,77.11,74.18
2018-07-09,73.85,78.07,74.67
2018-07-10,74.11,78.86,76
2018-07-11,70.38,73.4,74.75
2018-07-12,70.33,74.45,72.56
2018-07-13,71.01,75.33,71.65
2018-07-16,68.06,71.84,72.95
2018-07-17,68.08,72.16,70.36
2018-07-18,68.76,72.9,69.68
2018-07-19,69.46,72.58,70.41
2018-07-20,70.46,73.07,71.52
2018-07-23,67.89,73.06,71.5
2018-07-24,68.52,73.44,71.59
2018-07-25,69.3,73.93,72.49
2018-07-26,69.61,74.54,73.41
2018-07-27,68.69,74.29,73.42
2018-07-30,70.13,74.97,73.38
2018-07-31,68.76,74.25,73.69
2018-08-01,67.66,72.39,72.42
2018-08-02,68.96,73.45,71.14
2018-08-03,68.49,73.21,71.93
2018-08-06,69.01,73.75,72.11
2018-08-07,69.17,74.65,72.65
2018-08-08,66.94,72.28,73.28
2018-08-09,66.81,72.07,73.28
2018-08-10,67.63,72.81,70.55
2018-08-13,67.2,72.61,71.25
2018-08-14,67.04,72.46,71.79
2018-08-15,65.01,70.76,70.66
2018-08-16,65.46,71.43,69.6
2018-08-17,65.91,71.83,70.38
2018-08-20,66.43,72.21,70.81
2018-08-21,67.35,72.63,71.11
2018-08-22,67.86,74.78,71.11
2018-08-23,67.83,74.73,73.14
2018-08-24,68.72,75.82,74
2018-08-27,68.87,76.21,74.41
2018-08-28,68.53,75.95,75.02
2018-08-29,69.51,77.14,74.34
2018-08-30,70.25,77.77,75.76
2018-08-31,69.8,77.42,75.85
2018-09-03,69.8,78.15,76.18
2018-09-04,69.87,78.17,76.88
2018-09-05,68.72,77.27,75.83
2018-09-06,67.77,76.5,75.31
2018-09-07,67.75,76.83,74.73
2018-09-10,67.54,77.37,75.83
2018-09-11,69.25,79.06,76.22
2018-09-12,70.37,79.74,77.45
2018-09-13,68.59,78.18,77.2
2018-09-14,68.99,78.09,76.31
2018-09-17,68.91,78.05,76.43
2018-09-18,69.85,79.03,75.85
2018-09-19,71.12,79.4,77.02
2018-09-20,70.8,78.7,77.53
2018-09-21,70.78,78.8,77.35
2018-09-24,72.08,81.2,78.45
2018-09-25,72.28,81.87,79.69
2018-09-26,71.57,81.34,80.04
2018-09-27,72.12,81.72,80.36
2018-09-28,73.25,82.72,80.03
2018-10-01,75.3,84.98,80.83
2018-10-02,75.23,84.8,82.88
2018-10-03,76.41,86.29,83.29
2018-10-04,74.33,84.58,84.44
2018-10-05,74.34,84.16,83.2
2018-10-08,74.29,83.91,81.61
2018-10-09,74.96,85,82.8
2018-10-10,73.17,83.09,83.04
2018-10-11,70.97,80.26,80.66
2018-10-12,71.34,80.43,79.36
2018-10-15,71.78,80.78,79.3
2018-10-16,71.92,81.41,78.83
2018-10-17,69.75,80.05,80.23
2018-10-18,68.65,79.29,78.43
2018-10-19,69.12,79.78,77.88
2018-10-22,69.17,79.83,78.78
2018-10-23,66.43,76.44,77.83
2018-10-24,66.82,76.17,74.42
2018-10-25,67.33,76.89,74.96
2018-10-26,67.59,77.62,75.42
2018-10-29,67.04,77.34,76.01
2018-10-30,66.18,75.91,76.18
2018-10-31,65.31,75.47,75.66
2018-11-01,63.69,72.89,73.38
2018-11-02,63.14,72.83,71.67
2018-11-05,63.1,73.17,71.2
2018-11-06,62.21,72.13,71.2
2018-11-07,61.67,72.07,70.64
2018-11-08,60.67,70.65,71.54
2018-11-09,60.19,70.18,69.36
2018-11-12,59.93,70.12,70.59
2018-11-13,55.69,65.47,68.48
2018-11-14,56.25,66.12,64.46
2018-11-15,56.46,66.62,65.39
2018-11-16,56.46,66.76,66.49
2018-11-19,56.76,66.76,66.17
2018-11-20,53.43,62.53,65.51
2018-11-21,54.63,63.48,62.65
2018-11-22,54.63,62.6,62.44
2018-11-23,50.42,58.8,61.08
2018-11-26,51.63,60.48,59.13
2018-11-27,51.56,60.21,59.07
2018-11-28,50.29,58.76,60.18
2018-11-29,51.45,59.51,58.3
2018-11-30,50.93,58.71,59.02
2018-12-03,52.95,61.69,61.19
2018-12-04,53.25,62.08,61.54
2018-12-05,52.89,61.56,59.81
2018-12-06,51.49,60.06,59.85
2018-12-07,52.61,61.67,58.39
2018-12-10,51,59.97,60.22
2018-12-11,51.65,60.2,58.37
2018-12-12,51.15,60.15,59.23
2018-12-13,52.58,61.45,58.81
2018-12-14,51.2,60.28,59.67
2018-12-17,49.88,59.61,58.92
2018-12-18,46.24,56.26,57.21
2018-12-19,47.2,57.24,55.05
2018-12-20,45.88,54.35,54.47
2018-12-21,45.59,53.82,53.51
2018-12-24,42.53,50.47,53.51
2018-12-26,46.22,54.47,49.52
2018-12-27,44.61,52.16,53.07
2018-12-28,45.33,52.2,52.86
2018-12-31,45.41,53.8,52.86
2019-01-02,46.54,54.91,51.86
2019-01-03,47.09,55.95,53.2
2019-01-04,47.96,57.06,55.59
2019-01-07,48.52,57.33,56.79
2019-01-08,49.78,58.72,56.18
2019-01-09,52.36,61.44,58.07
2019-01-10,52.59,61.68,59.6
2019-01-11,51.59,60.48,61.16
2019-01-14,50.51,58.99,58.92
2019-01-15,52.11,60.64,58.63
2019-01-16,52.31,61.32,60.15
2019-01-17,52.07,61.18,60.03
2019-01-18,53.8,62.7,61.12
2019-01-22,52.57,61.5,61.43
2019-01-23,52.62,61.14,61.23
2019-01-24,53.13,61.09,60.41
2019-01-25,53.69,61.64,61.16
2019-01-28,51.99,59.93,60.32
2019-01-29,53.31,61.32,59.44
2019-01-30,54.23,61.65,60.93
2019-01-31,53.79,61.89,61.82
2019-02-01,55.26,62.75,60.87
2019-02-04,54.56,62.51,62.93
2019-02-05,53.66,61.98,62.93
2019-02-06,54.01,62.69,62.93
2019-02-07,52.64,61.63,62.51
2019-02-08,52.72,62.1,61.62
2019-02-11,52.41,61.51,62.02
2019-02-12,53.1,62.42,62.23
2019-02-13,53.9,63.61,63.34
2019-02-14,54.41,64.57,65.32
2019-02-15,55.59,66.25,65.12
2019-02-18,55.59,66.5,66.73
2019-02-19,56.09,66.45,66.48
2019-02-20,56.92,67.08,66.38
2019-02-21,56.96,67.07,67.12
2019-02-22,57.26,67.12,67.22
2019-02-25,55.48,64.76,66.84
2019-02-26,55.5,65.21,64.56
2019-02-27,56.94,66.39,65.3
2019-02-28,57.22,66.03,65.98
2019-03-01,55.8,65.07,66.56
2019-03-04,56.59,65.67,65.36
2019-03-05,56.56,65.86,65.73
2019-03-06,56.22,65.99,65.85
2019-03-07,56.66,66.3,66.47
2019-03-08,56.07,65.74,65.77
2019-03-11,56.79,66.58,66.81
2019-03-12,56.87,66.67,67.15
2019-03-13,58.26,67.55,67.22
2019-03-14,58.61,67.23,68.17
2019-03-15,58.52,67.16,67.71
2019-03-18,59.09,67.54,67.32
2019-03-19,59.03,67.61,67.63
2019-03-20,59.83,68.5,67.67
2019-03-21,59.98,67.86,68.23
2019-03-22,59.04,67.03,67.46
2019-03-25,58.82,67.21,66.34
2019-03-26,59.94,67.97,67.17
2019-03-27,59.41,67.83,67.37
2019-03-28,59.3,67.82,66.56
2019-03-29,60.14,68.39,67.23
2019-04-01,61.59,69.01,68.23
2019-04-02,62.58,69.37,68.81
2019-04-03,62.46,69.31,69.43
2019-04-04,62.1,69.4,68.67
2019-04-05,63.08,70.34,68.82
2019-04-08,64.4,71.1,70.29
2019-04-09,63.98,70.61,70.53
2019-04-10,64.61,71.73,70.08
2019-04-11,63.58,70.83,70.52
2019-04-12,63.89,71.55,70.1
2019-04-15,63.4,71.18,70.32
2019-04-16,64.05,71.72,70.21
2019-04-17,63.76,71.62,71.33
2019-04-18,64,71.97,71.07
2019-04-22,65.7,74.04,73.36
2019-04-23,66.3,74.51,73.77
2019-04-24,65.89,74.57,73.67
2019-04-25,65.21,74.35,74.46
2019-04-26,63.3,72.15,73.45
2019-04-29,63.5,72.04,71.09
2019-04-30,63.91,72.8,71.63
2019-05-01,63.6,72.18,71.63
2019-05-02,61.81,70.75,71.43
2019-05-03,61.94,70.85,69.93
2019-05-06,62.25,71.24,69.22
2019-05-07,61.4,69.88,70.29
2019-05-08,62.12,70.37,69.28
2019-05-09,61.7,70.39,69.09
2019-05-10,61.66,70.62,70.1
2019-05-13,61.04,70.23,70.97
2019-05-14,61.78,71.24,69.7
2019-05-15,62.02,71.77,70.46
2019-05-16,62.87,72.62,72.04
2019-05-17,62.76,72.21,72.46
2019-05-20,63.1,71.97,72.46
2019-05-21,62.99,72.18,71.64
2019-05-22,61.42,70.99,71.23
2019-05-23,57.91,67.76,69.22
2019-05-24,58.63,68.69,66.73
2019-05-27,58.63,70.11,66.88
2019-05-28,59.14,70.11,68.31
2019-05-29,58.81,69.45,67.13
2019-05-30,56.59,66.87,67.12
2019-05-31,53.5,64.49,63.83
2019-06-03,53.25,61.28,60.17
2019-06-04,53.48,61.97,60.03
2019-06-05,51.68,60.63,60.03
2019-06-06,52.59,61.67,59.37
2019-06-07,53.99,63.29,61.2
2019-06-10,53.26,62.29,61.92
2019-06-11,53.27,62.29,61.28
2019-06-12,51.14,59.97,59.9
2019-06-13,52.28,61.31,60.28
2019-06-14,52.51,62.01,59.9
2019-06-17,51.93,60.94,60.74
2019-06-18,53.9,62.14,59.92
2019-06-19,53.76,61.82,61.22
2019-06-20,56.65,64.45,62.61
2019-06-21,57.43,65.2,64.22
2019-06-24,57.9,64.86,64.02
2019-06-25,57.83,65.05,63.38
2019-06-26,59.38,66.49,64.29
2019-06-27,59.43,66.55,64.42
2019-06-28,58.47,66.55,64.88
2019-07-01,59.09,65.06,64.92
2019-07-02,56.25,62.4,63.43
2019-07-03,57.34,63.82,60.62
2019-07-04,57.34,63.3,61.75
2019-07-05,57.51,64.23,61.62
2019-07-08,57.66,64.11,63.32
2019-07-09,57.83,64.16,62.63
2019-07-10,60.43,67.01,63.9
2019-07-11,60.2,66.52,65.95
2019-07-12,60.21,66.72,65.88
2019-07-15,59.58,66.48,65.22
2019-07-16,57.62,64.35,64.58
2019-07-17,56.78,63.66,63.23
2019-07-18,55.3,61.93,62.14
2019-07-19,55.63,62.47,61.55
2019-07-22,56.22,63.26,62.74
2019-07-23,56.77,63.83,62.11
2019-07-24,55.88,63.18,63.21
2019-07-25,56.02,63.39,63.03
2019-07-26,56.2,63.46,62.83
2019-07-29,56.87,63.71,62.53
2019-07-30,58.05,64.72,63.63
2019-07-31,58.58,65.17,64.57
2019-08-01,53.95,60.5,63.05
2019-08-02,55.66,61.89,60.33
2019-08-05,54.69,59.81,59.68
2019-08-06,53.63,58.94,58.75
2019-08-07,51.09,56.23,57.89
2019-08-08,52.54,57.38,56.83
2019-08-09,54.5,58.53,56.83
2019-08-12,54.93,58.57,56.83
2019-08-13,57.1,61.3,57.76
2019-08-14,55.23,59.48,59.66
2019-08-15,54.47,58.23,58.33
2019-08-16,54.87,58.64,58.2
2019-08-19,56.21,59.74,58.4
2019-08-20,56.34,60.03,59.24
2019-08-21,55.68,60.3,60.09
2019-08-22,55.35,59.92,60.29
2019-08-23,54.17,59.34,59.43
2019-08-26,53.64,58.7,58.59
2019-08-27,54.93,59.51,58.07
2019-08-28,55.78,60.49,58.99
2019-08-29,56.71,61.08,59.32
2019-08-30,55.1,60.43,59.62
2019-09-02,55.1,58.66,57.62
2019-09-03,53.94,58.26,56.48
2019-09-04,56.26,60.7,56.72
2019-09-05,56.3,60.95,58.53
2019-09-06,56.52,61.54,59.23
2019-09-09,57.85,62.59,60.12
2019-09-10,57.4,62.38,60.89
2019-09-11,55.75,60.89,60.81
2019-09-12,55.09,60.38,59.32
2019-09-13,54.85,60.22,58.36
2019-09-16,62.9,69.02,63.88
2019-09-17,59.34,64.55,67.53
2019-09-18,58.11,63.6,63.3
2019-09-19,58.13,54.4,63.23
2019-09-20,58.09,64.28,64.28
2019-09-23,58.64,64.77,63.59
2019-09-24,57.29,63.1,63.46
2019-09-25,56.49,62.39,61.57
2019-09-26,56.41,62.74,61.73
2019-09-27,55.91,61.91,62.07
2019-09-30,54.07,60.78,60.94
2019-10-01,53.62,58.89,59.22
2019-10-02,52.64,57.69,58.67
2019-10-03,52.45,57.71,57.44
2019-10-04,52.81,58.37,57.84
2019-10-07,52.75,58.35,58.24
2019-10-08,52.63,58.24,58.03
2019-10-09,52.59,58.32,57.72
2019-10-10,53.55,59.1,57.77
2019-10-11,54.7,60.51,60.44
2019-10-14,53.59,59.35,60.03
2019-10-15,52.81,58.74,59.42
2019-10-16,53.36,59.42,58.8
2019-10-17,53.93,59.91,59.23
2019-10-18,53.78,59.42,59.7
2019-10-21,53.31,58.96,59.38
2019-10-22,54.16,59.7,58.95
2019-10-23,55.97,61.17,59.67
2019-10-24,56.23,61.67,61.04
2019-10-25,56.66,62.02,61.46
2019-10-28,55.81,61.57,61.46
2019-10-29,55.54,61.59,61
2019-10-30,55.06,60.61,61.32
2019-10-31,54.18,60.23,61.1
2019-11-01,56.2,61.69,58.72
2019-11-04,56.54,62.13,60.74
2019-11-05,57.23,62.96,61.34
2019-11-06,56.35,61.74,61.49
2019-11-07,57.15,62.29,61.13
2019-11-08,57.24,62.51,60.88
2019-11-11,56.86,62.18,61.15
2019-11-12,56.8,62.06,62.16
2019-11-13,57.12,62.37,61.48
2019-11-14,56.77,62.28,62.47
2019-11-15,57.72,63.3,61.93
2019-11-18,57.05,62.44,62.84
2019-11-19,55.21,60.91,61.86
2019-11-20,57.11,62.4,60.45
2019-11-21,58.58,63.97,62.13
2019-11-22,57.77,63.39,63.74
2019-11-25,58.01,63.65,63.43
2019-11-26,58.41,64.27,63.1
2019-11-27,58.11,64.06,63.69
2019-11-28,58.11,63.87,63.33
2019-11-29,55.17,62.43,63.83
2019-12-02,55.96,60.92,60.83
2019-12-03,56.1,60.82,60.98
2019-12-04,58.43,63,61.11
2019-12-05,58.43,63.39,62.73
2019-12-06,59.2,64.39,63.02
2019-12-09,59.02,64.25,63.74
2019-12-10,59.24,64.36,63.84
2019-12-11,58.76,63.72,63.78
2019-12-12,59.18,64.2,64.01
2019-12-13,60.07,65.22,64.92
2019-12-16,60.21,65.34,65.54
2019-12-17,60.94,66.1,65.62
2019-12-18,60.93,66.17,66.14
2019-12-19,61.22,66.54,66.48
2019-12-20,60.44,66.14,66.87
2019-12-23,60.52,66.39,66.21
2019-12-24,61.11,67.2,66.77
2019-12-26,61.68,67.92,67.48
2019-12-27,61.72,68.16,67.88
2019-12-30,61.68,68.44,67.81
2019-12-31,61.06,66,67.27
2020-01-02,61.18,66.25,65.69
2020-01-03,63.05,68.6,67.79
2020-01-06,63.27,68.91,69.65
2020-01-07,62.7,68.27,68.34
2020-01-08,59.61,65.44,69.24
2020-01-09,59.56,65.37,66.17
2020-01-10,59.04,64.98,65.93
2020-01-13,58.08,64.2,65.68
2020-01-14,58.23,64.49,64.78
2020-01-15,57.81,64,64.61
2020-01-16,58.52,64.64,64.74
2020-01-17,58.54,64.85,65.1
2020-01-20,58.54,65.2,65.24
2020-01-21,58.34,64.59,64.27
2020-01-22,56.74,63.21,64.26
2020-01-23,55.59,62.04,62.77
2020-01-24,54.19,60.69,62.23
2020-01-27,53.14,59.32,62.23
2020-01-28,53.48,59.51,58.57
2020-01-29,53.33,59.81,59.37
2020-01-30,52.14,58.29,57.76
2020-01-31,51.56,58.16,58.45
2020-02-03,50.11,54.45,55.23
2020-02-04,49.61,53.96,53.99
2020-02-05,50.75,55.28,53.57
2020-02-06,50.95,54.93,55.18
2020-02-07,50.32,54.47,54.37
2020-02-10,49.57,53.27,53.33
2020-02-11,49.94,54.01,53.03
2020-02-12,51.17,55.79,54.23
2020-02-13,51.42,56.34,54.54
2020-02-14,52.05,57.32,55.23
2020-02-17,52.05,57.67,55.98
2020-02-18,52.05,57.75,55.11
2020-02-19,53.29,59.12,56.39
2020-02-20,53.78,59.31,56.92
2020-02-21,53.38,58.5,56.41
2020-02-24,51.43,56.3,54.64
2020-02-25,49.9,54.95,54.48
2020-02-26,48.73,53.43,52.28
2020-02-27,47.09,52.18,50.62
2020-02-28,44.76,50.52,49.05
2020-03-02,46.75,51.9,50.58
2020-03-03,47.18,51.86,51.72
2020-03-04,46.78,51.13,50.81
2020-03-05,45.9,49.99,50.78
2020-03-06,41.28,45.27,48.58
2020-03-09,31.13,34.36,32.87
2020-03-10,34.36,37.22,34.18
2020-03-11,32.98,35.79,34.58
2020-03-12,31.5,33.22,32.69
2020-03-13,31.73,33.85,32.69
2020-03-16,28.7,30.05,31.49
2020-03-18,20.37,24.88,28.26
2020-03-19,25.22,28.47,25.82
2020-03-20,22.43,26.98,28.67
2020-03-23,23.36,27.03,24.6
2020-03-24,24.01,27.15,26.64
2020-03-25,24.49,27.39,27.05
2020-03-26,22.6,26.34,25.74
2020-03-27,21.51,24.93,25.04
2020-03-30,20.09,22.76,23.24
2020-03-31,20.48,22.74,23.43
2020-04-01,20.31,24.74,21.23
2020-04-02,25.32,29.94,21.55
2020-04-03,28.34,34.11,24.51
2020-04-06,26.08,33.05,24.87
2020-04-07,23.63,31.87,24.88
2020-04-08,25.09,32.84,23.52
2020-04-09,22.76,31.48,23.32
2020-04-13,22.41,31.74,22.31
2020-04-14,20.11,29.6,21.66
2020-04-15,19.87,27.69,19.68
2020-04-16,19.87,27.82,19.72
2020-04-17,18.27,28.08,20.61
2020-04-20,-37.63,25.57,20.78
2020-04-21,10.01,19.33,17.37
2020-04-22,13.78,20.37,13.52
2020-04-23,16.5,21.33,18.13
2020-04-24,16.94,21.44,18.17
2020-04-27,12.78,19.99,17.97
2020-04-28,12.34,20.46,16.63
2020-04-29,15.06,22.54,17.12
2020-04-30,18.84,26.48,20.73
2020-05-01,19.78,26.44,20.73
2020-05-04,20.39,27.2,24.33
2020-05-05,24.56,30.97,26
2020-05-06,23.99,29.72,26.88
2020-05-07,23.55,29.46,26.88
2020-05-08,24.74,30.97,25.92
2020-05-11,24.14,29.63,26.72
2020-05-12,25.78,29.98,26.93
2020-05-13,25.29,29.19,26.84
2020-05-14,27.56,31.13,29.83
2020-05-15,29.43,32.5,31.94
2020-05-18,31.82,34.81,32.9
2020-05-19,32.5,34.65,33.18
2020-05-20,33.49,35.75,32.95
2020-05-21,33.92,36.06,34.1
2020-05-22,33.25,35.13,32.62
2020-05-25,33.25,35.53,32.62
2020-05-26,34.35,36.17,34.81
2020-05-27,32.81,34.74,34.48
2020-05-28,33.71,35.29,33.17
2020-05-29,35.49,35.33,34.86
2020-06-01,35.44,38.32,37.97
2020-06-02,36.81,39.57,38.93
2020-06-03,37.29,39.79,39.87
2020-06-04,37.41,39.99,38.82
2020-06-05,39.55,42.3,40.63
2020-06-08,38.19,40.8,42.94
2020-06-09,39.94,41.18,40.85
2020-06-10,39.6,41.73,40.91
2020-06-11,36.34,38.55,40.6
2020-06-12,36.26,38.73,38.42
2020-06-15,37.12,39.72,38.35
2020-06-16,38.38,40.96,40.29
2020-06-17,37.96,40.71,41.46
2020-06-18,38.84,41.51,41.09
2020-06-19,39.75,42.19,42.95
2020-06-22,40.46,43.08,42.32
2020-06-23,40.37,42.63,43.39
2020-06-24,38.01,40.31,42.49
2020-06-25,38.72,41.05,40.58
2020-06-26,38.49,41.02,42.02
2020-06-29,39.7,41.71,40.63
2020-06-30,39.27,41.15,42.07
2020-07-01,39.82,42.03,42.7
2020-07-02,40.65,43.14,42.85
2020-07-03,40.65,42.8,42.68
2020-07-06,40.63,43.1,43.66
2020-07-07,40.62,43.08,42.9
2020-07-08,40.9,43.29,43.34
2020-07-09,39.62,42.35,43.63
2020-07-10,40.55,43.24,43.63
2020-07-13,40.1,42.72,43.38
2020-07-14,40.29,42.9,42.78
2020-07-15,41.2,43.79,44.18
2020-07-16,40.75,43.37,43.37
2020-07-17,40.59,43.14,42.86
2020-07-20,40.81,43.28,42.72
2020-07-21,41.96,44.32,43.87
2020-07-22,41.9,44.29,44.12
2020-07-23,41.07,43.31,44.42
2020-07-24,41.29,43.34,43.11
2020-07-27,41.6,43.41,43.13
2020-07-28,41.04,43.22,43.12
2020-07-29,41.27,43.75,43.27
2020-07-30,39.92,42.94,43.14
2020-07-31,40.27,43.3,43.14
2020-08-03,41.01,44.15,42.48
2020-08-04,41.7,44.43,42.97
2020-08-05,42.19,45.17,43.76
2020-08-06,41.95,45.09,43.71
2020-08-07,41.22,44.4,43.88
2020-08-10,41.94,44.99,43.88
2020-08-11,41.61,44.5,44.12
2020-08-12,42.67,45.43,43.63
2020-08-13,42.24,44.96,44.18
2020-08-14,42.01,44.8,43.44
2020-08-17,42.89,45.37,43.67
2020-08-18,42.89,45.46,44.46
2020-08-19,42.93,45.37,43.8
2020-08-20,42.58,44.9,43.89
2020-08-21,45.58,44.35,43.96
2020-08-24,42.62,45.13,43.78
2020-08-25,43.35,45.86,44.34
2020-08-26,43.39,45.64,44.83
2020-08-27,43.04,45.09,45.01
2020-08-28,42.97,45.05,44.12
2020-08-31,42.61,45.28,45.93
2020-09-01,42.76,45.58,45.11
2020-09-02,41.51,44.43,45.3
2020-09-03,41.37,44.07,43.43
2020-09-04,39.77,42.66,43.78
2020-09-07,39.77,42.01,41.42
2020-09-08,36.76,39.78,40.68
2020-09-09,38.05,40.79,39.49
2020-09-10,37.3,40.06,39.74
2020-09-11,37.33,39.83,39.27
2020-09-14,37.26,39.61,38.89
2020-09-15,38.28,40.53,39.24
2020-09-16,40.16,42.22,41.21
2020-09-17,40.97,43.3,41.67
2020-09-18,41.11,43.15,43.02
2020-09-21,39.31,41.44,41.63
2020-09-22,39.6,41.72,41.14
2020-09-23,39.93,41.77,41.38
2020-09-24,40.31,41.94,41.21
2020-09-25,40.25,41.92,41.98
2020-09-28,40.6,42.43,41.41
2020-09-29,39.29,41.03,41.87
2020-09-30,40.22,40.95,40.36
2020-10-01,38.72,40.93,41.12
2020-10-02,37.05,39.27,38.62
2020-10-05,39.22,41.29,39.27
2020-10-06,40.67,42.65,40.55
2020-10-07,39.95,41.99,41.24
2020-10-08,41.19,43.34,41.46
2020-10-09,40.6,42.85,42.06
2020-10-12,39.43,41.72,41.28
2020-10-13,40.2,42.45,41.19
2020-10-14,41.04,43.32,41.62
2020-10-15,40.96,43.16,42.01
2020-10-16,40.88,42.93,41.88
2020-10-19,40.83,42.62,41.77
2020-10-20,41.46,43.16,41.58
2020-10-21,40.03,41.73,41.71
2020-10-22,40.64,42.46,41.36
2020-10-23,39.85,41.77,41.67
2020-10-26,38.56,40.46,39.84
2020-10-27,39.57,41.2,39.9
2020-10-28,37.39,39.12,39.27
2020-10-29,36.17,37.65,38.26
2020-10-30,35.79,37.46,37.18
2020-11-02,36.81,38.98,36.3
2020-11-03,37.66,39.71,39.52
2020-11-04,39.15,41.23,39.76
2020-11-05,38.79,40.93,40.69
2020-11-06,37.14,39.45,40.57
2020-11-09,40.29,42.4,40.34
2020-11-10,41.36,43.61,42.49
2020-11-11,41.45,43.8,44.44
2020-11-12,41.12,43.53,43.95
2020-11-13,40.13,42.78,43.15
2020-11-16,41.34,43.82,43.74
2020-11-17,41.43,43.75,43.87
2020-11-18,41.82,44.34,43.78
2020-11-19,41.74,44.2,44
2020-11-20,42.15,44.96,44.19
2020-11-23,43.06,46.06,45.61
2020-11-24,44.91,47.86,45.86
2020-11-25,45.71,48.61,47.87
2020-11-26,45.71,47.8,47.49
2020-11-27,45.53,48.18,47.13
2020-11-30,45.34,47.59,47.02
2020-12-01,44.55,47.42,47.59
2020-12-02,45.28,48.25,47.08
2020-12-03,45.64,48.71,48.06
2020-12-04,46.26,49.25,49.04
2020-12-07,45.76,48.79,48.29
2020-12-08,45.6,48.84,48.3
2020-12-09,45.52,48.86,49.14
2020-12-10,46.78,50.25,49.03
2020-12-11,46.57,49.97,50.47
2020-12-14,46.99,50.29,50.65
2020-12-15,47.62,50.76,50.17
2020-12-16,47.82,51.08,50.85
2020-12-17,48.36,51.5,51.46
2020-12-18,49.1,52.26,51.11
2020-12-21,47.74,50.91,50.26
2020-12-22,47.02,50.08,49.75
2020-12-23,48.12,51.2,49.61
2020-12-24,48.23,51.29,51.28
2020-12-28,47.62,50.89,51.07
2020-12-29,48,51.09,50.97
2020-12-30,48.4,51.34,51.05
2020-12-31,48.52,51.8,51.14
2021-01-04,47.62,51.09,52.49
2021-01-05,49.93,53.6,50.5
2021-01-06,50.63,54.3,53.51
2021-01-07,50.83,54.38,54.52
2021-01-08,52.24,55.99,54.58
2021-01-11,52.25,55.66,55.33
2021-01-12,53.21,56.58,55.71
2021-01-13,52.91,56.06,56.44
2021-01-14,53.57,56.42,55.7
2021-01-15,52.36,55.1,55.39
2021-01-18,52.36,54.75,54.19
2021-01-19,52.98,55.9,55.19
2021-01-20,53.24,56.08,56.24
2021-01-21,53.13,56.1,55.49
2021-01-22,52.27,55.41,55.2
2021-01-25,52.77,55.88,55.41
2021-01-26,52.61,55.91,55.32
2021-01-27,52.85,55.81,55.74
2021-01-28,52.34,55.53,54.77
2021-01-29,52.2,55.88,54.65
2021-02-01,53.55,56.35,55
2021-02-02,54.76,57.46,56.77
2021-02-03,55.69,58.46,57.64
2021-02-04,56.23,58.84,58.36
2021-02-05,56.85,59.34,58.94
2021-02-08,57.97,50.56,59.8
2021-02-09,58.36,61.09,60.49
2021-02-10,58.68,61.47,60.39
2021-02-11,58.24,61.14,60.54
2021-02-12,59.47,62.43,60.54
2021-02-15,59.47,63.3,62.48
2021-02-16,60.05,63.35,62.3
2021-02-17,61.14,64.34,62.8
2021-02-18,60.52,63.93,63.26
2021-02-19,59.24,62.91,60.83
2021-02-22,61.49,65.24,61.28
2021-02-23,61.67,65.37,63.54
2021-02-24,63.22,67.04,62.89
2021-02-25,63.53,66.88,65.39
2021-02-26,61.5,64.42,64.29
2021-03-01,60.64,63.69,64.23
2021-03-02,59.75,62.7,61.41
2021-03-03,61.28,64.07,61.44
2021-03-04,63.83,66.74,63.11
2021-03-05,66.09,69.36,66.37
2021-03-08,65.05,68.24,68.32
2021-03-09,64.01,67.52,66.4
2021-03-10,64.44,67.9,65.3
2021-03-11,66.02,69.63,66.82
2021-03-12,65.61,69.22,67.9
2021-03-15,65.39,68.88,68.25
2021-03-16,64.8,68.39,66.46
2021-03-17,64.6,68,66.57
2021-03-18,60,63.28,65.29
2021-03-19,61.42,64.53,62.2
2021-03-22,61.55,64.62,63.18
2021-03-23,57.76,60.79,63
2021-03-24,61.18,64.41,60.98
2021-03-25,58.56,61.95,62.43
2021-03-26,60.97,64.57,62.07
2021-03-29,61.56,64.98,63.11
2021-03-30,60.55,64.14,63.9
2021-03-31,59.16,63.54,63.36
2021-04-01,61.45,64.86,61.51
2021-04-05,58.65,62.15,61.91
2021-04-06,59.33,62.74,61.34
2021-04-07,59.77,63.16,60.88
2021-04-08,59.6,63.2,61.24
2021-04-09,59.32,62.95,60.94
2021-04-12,59.7,63.28,61.1
2021-04-13,60.18,63.67,61.58
2021-04-14,63.15,66.58,62.56
2021-04-15,63.46,66.94,64.17
2021-04-16,63.13,66.77,65.12
2021-04-19,63.38,67.05,64.83
2021-04-20,62.44,66.57,65.74
2021-04-21,61.35,65.32,63.71
2021-04-22,61.43,65.4,62.25
2021-04-23,62.14,66.11,62.93
2021-04-26,61.91,65.65,62.37
2021-04-27,62.94,66.42,63.27
2021-04-28,63.86,67.27,63.57
2021-04-29,65.01,68.56,65.1
2021-04-30,63.58,67.25,65.27
